quorumCheckOnRead,ongaroLeaseEnabled,leaseGuardEnabled,deferCommitEnabled,inheritLeaseEnabled,size,electionTimeoutMilliseconds,delta,reads,writes,operationType,opsPerSec,p50latencyNanos,p90latencyNanos,p95latencyNanos
False,False,False,False,False,1024,500,500,75000,0,read,4999.81,58485.0,62436.0,64205.0
False,False,False,False,False,1024,500,500,75000,0,write,0.0,0.0,0.0,0.0
False,False,False,False,False,1024,500,500,75000,0,read,4999.82,61809.0,67321.0,68363.0
False,False,False,False,False,1024,500,500,75000,0,write,0.0,0.0,0.0,0.0
False,False,False,False,False,1024,500,500,56250,18750,read,3515.46,67539.0,112518.0,115994.0
False,False,False,False,False,1024,500,500,56250,18750,write,1171.84,4063936.0,5316416.0,5469686.0
False,False,False,False,False,1024,500,500,56250,18750,read,3515.44,64718.0,100589.0,105865.0
False,False,False,False,False,1024,500,500,56250,18750,write,1171.83,4029055.0,5312197.0,5461757.0
False,False,False,False,False,1024,500,500,37500,37500,read,2343.61,91350.0,107740.0,117537.0
False,False,False,False,False,1024,500,500,37500,37500,write,2343.67,4470872.0,5341188.0,5502854.0
False,False,False,False,False,1024,500,500,37500,37500,read,2343.38,71207.0,117103.0,124752.0
False,False,False,False,False,1024,500,500,37500,37500,write,2343.38,4466101.0,5310690.0,5473377.0
False,False,False,False,False,1024,500,500,18750,56250,read,1171.78,80678.0,105915.0,123804.0
False,False,False,False,False,1024,500,500,18750,56250,write,3515.51,4556572.0,5463683.0,5624500.0
False,False,False,False,False,1024,500,500,18750,56250,read,1171.77,93999.0,111430.0,132301.0
False,False,False,False,False,1024,500,500,18750,56250,write,3515.51,4552433.0,5433609.0,5605003.0
False,False,False,False,False,1024,500,500,150000,0,read,9999.7,62003.0,69004.0,73436.0
False,False,False,False,False,1024,500,500,150000,0,write,0.0,0.0,0.0,0.0
False,False,False,False,False,1024,500,500,150000,0,read,9998.31,65690.0,78364.0,100591.0
False,False,False,False,False,1024,500,500,150000,0,write,0.0,0.0,0.0,0.0
False,False,False,False,False,1024,500,500,112500,37500,read,7030.97,66372.0,104659.0,120788.0
False,False,False,False,False,1024,500,500,112500,37500,write,2343.68,4475313.0,5368818.0,5534123.0
False,False,False,False,False,1024,500,500,112500,37500,read,4360.81,73327.0,112446.0,123735.0
False,False,False,False,False,1024,500,500,112500,37500,write,1452.93,4483560.0,5340783.0,5506402.0
False,False,False,False,False,1024,500,500,75000,75000,read,4687.26,92646.0,116556.0,147260.0
False,False,False,False,False,1024,500,500,75000,75000,write,4687.33,4691161.0,5614377.0,5796117.0
False,False,False,False,False,1024,500,500,75000,75000,read,4687.26,74561.0,122409.0,151832.0
False,False,False,False,False,1024,500,500,75000,75000,write,4687.33,4678215.0,5563544.0,5751199.0
False,False,False,False,False,1024,500,500,37500,112500,read,1572.33,96072.0,158595.0,197815.0
False,False,False,False,False,1024,500,500,37500,112500,write,4715.41,4931074.0,5840771.0,6032316.0
False,False,False,False,False,1024,500,500,37500,112500,read,2343.61,91420.0,120437.0,178768.0
False,False,False,False,False,1024,500,500,37500,112500,write,7031.0,4904698.0,5860322.0,6044041.0
False,False,False,False,False,1024,500,500,225000,0,read,14999.7,58104.0,67169.0,73476.0
False,False,False,False,False,1024,500,500,225000,0,write,0.0,0.0,0.0,0.0
False,False,False,False,False,1024,500,500,225000,0,read,14999.8,81211.0,113946.0,129400.0
False,False,False,False,False,1024,500,500,225000,0,write,0.0,0.0,0.0,0.0
False,False,False,False,False,1024,500,500,168750,56250,read,10546.2,83434.0,131645.0,146163.0
False,False,False,False,False,1024,500,500,168750,56250,write,3515.43,4598336.0,5497854.0,5661798.0
False,False,False,False,False,1024,500,500,168750,56250,read,10546.6,74415.0,124010.0,141724.0
False,False,False,False,False,1024,500,500,168750,56250,write,3515.56,4583936.0,5477480.0,5638471.0
False,False,False,False,False,1024,500,500,112500,112500,read,7030.95,96401.0,152439.0,214651.0
False,False,False,False,False,1024,500,500,112500,112500,write,7031.01,4948599.0,5879040.0,6069280.0
False,False,False,False,False,1024,500,500,112500,112500,read,7030.96,95457.0,154762.0,224974.0
False,False,False,False,False,1024,500,500,112500,112500,write,7031.02,4959382.0,5896628.0,6089707.0
False,False,False,False,False,1024,500,500,56250,168750,read,3515.5,97552.0,242233.0,379922.0
False,False,False,False,False,1024,500,500,56250,168750,write,10546.6,5292609.0,6251568.0,6481495.0
False,False,False,False,False,1024,500,500,56250,168750,read,3515.47,93008.0,220707.0,347391.0
False,False,False,False,False,1024,500,500,56250,168750,write,10546.5,5283894.0,6253351.0,6488305.0
False,False,False,False,False,1024,500,500,300000,0,read,19999.5,69449.0,115713.0,135729.0
False,False,False,False,False,1024,500,500,300000,0,write,0.0,0.0,0.0,0.0
False,False,False,False,False,1024,500,500,300000,0,read,19999.5,67365.0,109709.0,116911.0
False,False,False,False,False,1024,500,500,300000,0,write,0.0,0.0,0.0,0.0
False,False,False,False,False,1024,500,500,225000,75000,read,14062.1,99129.0,154273.0,184917.0
False,False,False,False,False,1024,500,500,225000,75000,write,4687.35,4725454.0,5629667.0,5812057.0
False,False,False,False,False,1024,500,500,225000,75000,read,14062.1,107154.0,157587.0,199150.0
False,False,False,False,False,1024,500,500,225000,75000,write,4687.35,4719055.0,5635820.0,5819681.0
False,False,False,False,False,1024,500,500,150000,150000,read,9374.59,97346.0,251137.0,380207.0
False,False,False,False,False,1024,500,500,150000,150000,write,9374.59,5231465.0,6172373.0,6384757.0
False,False,False,False,False,1024,500,500,150000,150000,read,9374.57,103948.0,244626.0,369597.0
False,False,False,False,False,1024,500,500,150000,150000,write,9374.63,5184502.0,6120586.0,6334853.0
False,False,False,False,False,1024,500,500,75000,225000,read,4687.3,99789.0,549533.0,770665.0
False,False,False,False,False,1024,500,500,75000,225000,write,14062.0,5845969.0,6829561.0,7145321.0
False,False,False,False,False,1024,500,500,75000,225000,read,4309.14,109380.0,588826.0,823570.0
False,False,False,False,False,1024,500,500,75000,225000,write,12921.8,5861738.0,6814846.0,7138189.0
False,False,False,False,False,1024,500,500,375000,0,read,15793.8,83267.0,121161.0,134306.0
False,False,False,False,False,1024,500,500,375000,0,write,0.0,0.0,0.0,0.0
False,False,False,False,False,1024,500,500,375000,0,read,24999.3,99939.0,129058.0,139875.0
False,False,False,False,False,1024,500,500,375000,0,write,0.0,0.0,0.0,0.0
False,False,False,False,False,1024,500,500,281250,93750,read,15447.6,119931.0,187806.0,259860.0
False,False,False,False,False,1024,500,500,281250,93750,write,5147.22,4877230.0,5787261.0,5977931.0
False,False,False,False,False,1024,500,500,281250,93750,read,17577.7,110681.0,174481.0,236175.0
False,False,False,False,False,1024,500,500,281250,93750,write,5859.18,4872380.0,5779098.0,5965122.0
False,False,False,False,False,1024,500,500,187500,187500,read,11718.2,113857.0,447100.0,623979.0
False,False,False,False,False,1024,500,500,187500,187500,write,11718.2,5551545.0,6464582.0,6709096.0
False,False,False,False,False,1024,500,500,187500,187500,read,11718.1,120640.0,430250.0,602989.0
False,False,False,False,False,1024,500,500,187500,187500,write,11718.2,5537186.0,6460625.0,6698278.0
False,False,False,False,False,1024,500,500,93750,281250,read,5858.99,154092.0,1028147.0,1329608.0
False,False,False,False,False,1024,500,500,93750,281250,write,17577.3,6463145.0,7480841.0,8152045.0
False,False,False,False,False,1024,500,500,93750,281250,read,5859.01,142246.0,1035557.0,1332647.0
False,False,False,False,False,1024,500,500,93750,281250,write,17577.3,6464313.0,7502750.0,8103217.0
False,False,False,False,False,1024,500,500,450000,0,read,29999.5,95430.0,125486.0,140183.0
False,False,False,False,False,1024,500,500,450000,0,write,0.0,0.0,0.0,0.0
False,False,False,False,False,1024,500,500,450000,0,read,29999.5,90295.0,130425.0,141744.0
False,False,False,False,False,1024,500,500,450000,0,write,0.0,0.0,0.0,0.0
False,False,False,False,False,1024,500,500,337500,112500,read,21093.1,129593.0,249552.0,365212.0
False,False,False,False,False,1024,500,500,337500,112500,write,7031.04,5039428.0,5952649.0,6149403.0
False,False,False,False,False,1024,500,500,337500,112500,read,14249.0,131260.0,250146.0,360688.0
False,False,False,False,False,1024,500,500,337500,112500,write,4747.68,5041891.0,5955050.0,6151164.0
False,False,False,False,False,1024,500,500,225000,225000,read,14061.9,146086.0,683548.0,899766.0
False,False,False,False,False,1024,500,500,225000,225000,write,14062.0,5939984.0,6901029.0,7221219.0
False,False,False,False,False,1024,500,500,225000,225000,read,14062.0,138731.0,621288.0,827461.0
False,False,False,False,False,1024,500,500,225000,225000,write,14062.0,5854650.0,6800745.0,7142533.0
False,False,False,False,False,1024,500,500,112500,337500,read,7030.79,298621.0,1440721.0,1759523.0
False,False,False,False,False,1024,500,500,112500,337500,write,21092.7,7046122.0,8217556.0,10287424.0
False,False,False,False,False,1024,500,500,112500,337500,read,7030.87,386953.0,1578110.0,1907989.0
False,False,False,False,False,1024,500,500,112500,337500,write,21092.7,7199856.0,8527940.0,10712639.0
False,False,False,False,False,1024,500,500,525000,0,read,34999.7,102584.0,139217.0,153091.0
False,False,False,False,False,1024,500,500,525000,0,write,0.0,0.0,0.0,0.0
False,False,False,False,False,1024,500,500,525000,0,read,34999.6,118740.0,149518.0,154700.0
False,False,False,False,False,1024,500,500,525000,0,write,0.0,0.0,0.0,0.0
False,False,False,False,False,1024,500,500,393750,131250,read,24608.5,134801.0,311647.0,442678.0
False,False,False,False,False,1024,500,500,393750,131250,write,8202.9,5148039.0,6073728.0,6274696.0
False,False,False,False,False,1024,500,500,393750,131250,read,24608.5,143297.0,319928.0,449371.0
False,False,False,False,False,1024,500,500,393750,131250,write,8202.88,5168632.0,6076453.0,6279998.0
False,False,False,False,False,1024,500,500,262500,262500,read,16405.6,179132.0,908509.0,1117617.0
False,False,False,False,False,1024,500,500,262500,262500,write,16405.7,6264459.0,7246828.0,7704264.0
False,False,False,False,False,1024,500,500,262500,262500,read,16405.6,178408.0,935097.0,1129120.0
False,False,False,False,False,1024,500,500,262500,262500,write,16405.6,6301830.0,7255556.0,7724721.0
False,False,False,False,False,1024,500,500,131250,393750,read,5547.08,806854.0,2227472.0,2842662.0
False,False,False,False,False,1024,500,500,131250,393750,write,16634.2,8226152.0,11052562.0,14113430.0
False,False,False,False,False,1024,500,500,131250,393750,read,8202.57,817974.0,2206621.0,2649967.0
False,False,False,False,False,1024,500,500,131250,393750,write,24607.8,8198371.0,10513929.0,13732049.0
False,False,False,False,False,1024,500,500,600000,0,read,39999.1,116587.0,152329.0,159768.0
False,False,False,False,False,1024,500,500,600000,0,write,0.0,0.0,0.0,0.0
False,False,False,False,False,1024,500,500,600000,0,read,39998.8,112534.0,146444.0,155111.0
False,False,False,False,False,1024,500,500,600000,0,write,0.0,0.0,0.0,0.0
False,False,False,False,False,1024,500,500,450000,150000,read,28124.0,152465.0,392009.0,539047.0
False,False,False,False,False,1024,500,500,450000,150000,write,9374.62,5309078.0,6221705.0,6445071.0
False,False,False,False,False,1024,500,500,450000,150000,read,18829.4,156998.0,431115.0,574683.0
False,False,False,False,False,1024,500,500,450000,150000,write,6274.07,5353425.0,6262822.0,6479908.0
False,False,False,False,False,1024,500,500,300000,300000,read,18748.9,245396.0,1102011.0,1324024.0
False,False,False,False,False,1024,500,500,300000,300000,write,18748.9,6672385.0,7724147.0,8774432.0
False,False,False,False,False,1024,500,500,300000,300000,read,18748.9,316172.0,1300020.0,1547950.0
False,False,False,False,False,1024,500,500,300000,300000,write,18749.0,6871960.0,8040371.0,9214968.0
False,False,False,False,False,1024,500,500,150000,450000,read,9374.03,2629065.0,6946156.0,8231516.0
False,False,False,False,False,1024,500,500,150000,450000,write,28122.5,12277452.0,17201341.0,18554328.0
False,False,False,False,False,1024,500,500,150000,450000,read,8853.4,2006226.0,5451004.0,6833427.0
False,False,False,False,False,1024,500,500,150000,450000,write,26540.0,10893136.0,15979109.0,17364494.0
False,False,False,False,False,1024,500,500,675000,0,read,44999.3,115265.0,151383.0,159964.0
False,False,False,False,False,1024,500,500,675000,0,write,0.0,0.0,0.0,0.0
False,False,False,False,False,1024,500,500,675000,0,read,44999.0,114396.0,145704.0,152566.0
False,False,False,False,False,1024,500,500,675000,0,write,0.0,0.0,0.0,0.0
False,False,False,False,False,1024,500,500,506250,168750,read,31639.9,159322.0,509504.0,670570.0
False,False,False,False,False,1024,500,500,506250,168750,write,10546.6,5453344.0,6357582.0,6606728.0
False,False,False,False,False,1024,500,500,506250,168750,read,31639.9,160773.0,474029.0,619565.0
False,False,False,False,False,1024,500,500,506250,168750,write,10546.5,5470669.0,6379613.0,6604328.0
False,False,False,False,False,1024,500,500,337500,337500,read,21092.5,406910.0,1447903.0,1723659.0
False,False,False,False,False,1024,500,500,337500,337500,write,21092.5,7223627.0,8633144.0,10896509.0
False,False,False,False,False,1024,500,500,337500,337500,read,21092.5,369389.0,1384338.0,1659273.0
False,False,False,False,False,1024,500,500,337500,337500,write,21092.6,7185812.0,8654485.0,10525685.0
False,False,False,False,False,1024,500,500,168750,506250,read,10536.1,5476534.0,20187354.0,42533882.0
False,False,False,False,False,1024,500,500,168750,506250,write,31608.6,17112755.0,34059024.0,56502751.0
False,False,False,False,False,1024,500,500,168750,506250,read,4783.94,38604857.0,644134411.0,854781254.0
False,False,False,False,False,1024,500,500,168750,506250,write,14269.2,51700055.0,637158405.0,847651353.0
False,False,False,False,False,1024,500,500,750000,0,read,49998.4,126942.0,164387.0,172057.0
False,False,False,False,False,1024,500,500,750000,0,write,0.0,0.0,0.0,0.0
False,False,False,False,False,1024,500,500,750000,0,read,49998.7,116701.0,153712.0,166161.0
False,False,False,False,False,1024,500,500,750000,0,write,0.0,0.0,0.0,0.0
False,False,False,False,False,1024,500,500,562500,187500,read,35155.6,171382.0,582861.0,731292.0
False,False,False,False,False,1024,500,500,562500,187500,write,11718.3,5653723.0,6593277.0,6856638.0
False,False,False,False,False,1024,500,500,562500,187500,read,35155.5,177982.0,587543.0,734312.0
False,False,False,False,False,1024,500,500,562500,187500,write,11718.2,5668076.0,6593849.0,6854710.0
False,False,False,False,False,1024,500,500,375000,375000,read,23435.6,579785.0,1777626.0,2100968.0
False,False,False,False,False,1024,500,500,375000,375000,write,23435.8,7772472.0,9505699.0,12206853.0
False,False,False,False,False,1024,500,500,375000,375000,read,23435.7,608165.0,1834225.0,2181997.0
False,False,False,False,False,1024,500,500,375000,375000,write,23435.8,7827389.0,9695341.0,12730391.0
False,False,False,False,False,1024,500,500,187500,562500,read,6666.54,933928945.0,4576703773.0,5456388437.0
False,False,False,False,False,1024,500,500,187500,562500,write,19961.4,954788645.0,4577470876.0,5441082262.0
False,False,False,False,False,1024,500,500,187500,562500,read,6450.77,914737481.0,4313505444.0,4979694642.0
False,False,False,False,False,1024,500,500,187500,562500,write,18362.0,1061763504.0,4365630682.0,5023476639.0
False,False,False,False,False,1024,500,500,825000,0,read,55001.0,123121.0,159687.0,166173.0
False,False,False,False,False,1024,500,500,825000,0,write,0.0,0.0,0.0,0.0
False,False,False,False,False,1024,500,500,825000,0,read,55000.9,126520.0,165160.0,174504.0
False,False,False,False,False,1024,500,500,825000,0,write,0.0,0.0,0.0,0.0
False,False,False,False,False,1024,500,500,618750,206250,read,25868.7,195204.0,626279.0,772737.0
False,False,False,False,False,1024,500,500,618750,206250,write,8619.3,5722116.0,6628841.0,6901973.0
False,False,False,False,False,1024,500,500,618750,206250,read,38670.7,194776.0,691042.0,864478.0
False,False,False,False,False,1024,500,500,618750,206250,write,12890.1,5834518.0,6811105.0,7163108.0
False,False,False,False,False,1024,500,500,412500,412500,read,25779.5,1038531.0,2620674.0,3553813.0
False,False,False,False,False,1024,500,500,412500,412500,write,25779.5,8899199.0,12296405.0,14891566.0
False,False,False,False,False,1024,500,500,412500,412500,read,14573.2,1164837.0,2966511.0,4317607.0
False,False,False,False,False,1024,500,500,412500,412500,write,14561.0,9126152.0,13168974.0,15467904.0
False,False,False,False,False,1024,500,500,206250,618750,read,3635.09,1261020614.0,3640942259.0,4057181532.0
False,False,False,False,False,1024,500,500,206250,618750,write,10862.7,1260392836.0,3632013867.0,4031850241.0
False,False,False,False,False,1024,500,500,206250,618750,read,5840.32,2403282725.0,7679319682.0,9231586697.0
False,False,False,False,False,1024,500,500,206250,618750,write,17514.3,2408254847.0,7727525962.0,9247754311.0
False,False,False,False,False,1024,500,500,900000,0,read,36849.6,127973.0,172037.0,180622.0
False,False,False,False,False,1024,500,500,900000,0,write,0.0,0.0,0.0,0.0
False,False,False,False,False,1024,500,500,900000,0,read,59998.1,124949.0,167539.0,175792.0
False,False,False,False,False,1024,500,500,900000,0,write,0.0,0.0,0.0,0.0
False,False,False,False,False,1024,500,500,675000,225000,read,42185.9,222705.0,751592.0,916925.0
False,False,False,False,False,1024,500,500,675000,225000,write,14062.0,5934106.0,6895785.0,7229114.0
False,False,False,False,False,1024,500,500,675000,225000,read,42185.9,219781.0,737928.0,898809.0
False,False,False,False,False,1024,500,500,675000,225000,write,14062.0,5949065.0,6927094.0,7283776.0
False,False,False,False,False,1024,500,500,450000,450000,read,18557.0,2156606.0,5694344.0,7074814.0
False,False,False,False,False,1024,500,500,450000,450000,write,18542.8,10996638.0,16195242.0,17546415.0
False,False,False,False,False,1024,500,500,450000,450000,read,28122.6,1690649.0,4403044.0,5976289.0
False,False,False,False,False,1024,500,500,450000,450000,write,28122.6,10244504.0,15318444.0,16921588.0
False,False,False,False,False,1024,500,500,225000,675000,read,6126.51,2712060691.0,8024448571.0,9492597742.0
False,False,False,False,False,1024,500,500,225000,675000,write,18358.7,2724914860.0,8042591550.0,8767219417.0
False,False,False,False,False,1024,500,500,225000,675000,read,4037.49,1533653620.0,4365970344.0,4948497832.0
False,False,False,False,False,1024,500,500,225000,675000,write,12073.5,1537693566.0,4338029259.0,4932336238.0
False,False,False,False,False,1024,500,500,975000,0,read,65000.1,130197.0,172110.0,183171.0
False,False,False,False,False,1024,500,500,975000,0,write,0.0,0.0,0.0,0.0
False,False,False,False,False,1024,500,500,975000,0,read,65001.0,123465.0,168338.0,176456.0
False,False,False,False,False,1024,500,500,975000,0,write,0.0,0.0,0.0,0.0
False,False,False,False,False,1024,500,500,731250,243750,read,45702.5,278115.0,887760.0,1065981.0
False,False,False,False,False,1024,500,500,731250,243750,write,15233.7,6182774.0,7248343.0,7664036.0
False,False,False,False,False,1024,500,500,731250,243750,read,30484.7,294767.0,914321.0,1103436.0
False,False,False,False,False,1024,500,500,731250,243750,write,10156.6,6244426.0,7341808.0,7786767.0
False,False,False,False,False,1024,500,500,487500,487500,read,11794.1,394382996.0,2106119270.0,2451176010.0
False,False,False,False,False,1024,500,500,487500,487500,write,11748.8,403025025.0,2092029903.0,2445422123.0
False,False,False,False,False,1024,500,500,487500,487500,read,24002.3,61043851.0,2754746284.0,3467329333.0
False,False,False,False,False,1024,500,500,487500,487500,write,23974.8,71697835.0,2756152916.0,3469857516.0
False,False,False,False,False,1024,500,500,243750,731250,read,5511.29,2754978716.0,8614595005.0,9716048322.0
False,False,False,False,False,1024,500,500,243750,731250,write,16522.8,2768430494.0,8647781867.0,9732735755.0
False,False,False,False,False,1024,500,500,243750,731250,read,5799.48,3206700978.0,8667282244.0,9557804921.0
False,False,False,False,False,1024,500,500,243750,731250,write,17356.8,3206166483.0,8641483778.0,9526098377.0
False,False,False,False,False,1024,500,500,1050000,0,read,70001.4,129987.0,177312.0,191336.0
False,False,False,False,False,1024,500,500,1050000,0,write,0.0,0.0,0.0,0.0
False,False,False,False,False,1024,500,500,1050000,0,read,70001.4,126202.0,172103.0,182786.0
False,False,False,False,False,1024,500,500,1050000,0,write,0.0,0.0,0.0,0.0
False,False,False,False,False,1024,500,500,787500,262500,read,49217.9,383369.0,1115256.0,1323548.0
False,False,False,False,False,1024,500,500,787500,262500,write,16405.7,6600020.0,7864459.0,8389254.0
False,False,False,False,False,1024,500,500,787500,262500,read,25151.4,397004.0,1151712.0,1360877.0
False,False,False,False,False,1024,500,500,787500,262500,write,8376.64,6591641.0,7829434.0,8295678.0
False,False,False,False,False,1024,500,500,525000,525000,read,17572.2,2040839157.0,6618955213.0,8014119247.0
False,False,False,False,False,1024,500,500,525000,525000,write,17561.4,2055984339.0,6627203672.0,8028087975.0
False,False,False,False,False,1024,500,500,525000,525000,read,12329.8,966638610.0,3660964879.0,4201439407.0
False,False,False,False,False,1024,500,500,525000,525000,write,12328.4,988748677.0,3683541532.0,4218476714.0
False,False,False,False,False,1024,500,500,262500,787500,read,5730.58,3553597003.0,9030340562.0,10803150577.0
False,False,False,False,False,1024,500,500,262500,787500,write,17182.0,3558621441.0,9031529538.0,10804250144.0
False,False,False,False,False,1024,500,500,262500,787500,read,5936.31,3276143994.0,8957151786.0,10643702635.0
False,False,False,False,False,1024,500,500,262500,787500,write,17759.6,3284833021.0,8889692696.0,10650108832.0
False,False,False,False,False,1024,500,500,1125000,0,read,74999.6,129080.0,175128.0,186593.0
False,False,False,False,False,1024,500,500,1125000,0,write,0.0,0.0,0.0,0.0
False,False,False,False,False,1024,500,500,1125000,0,read,74999.4,134076.0,182862.0,195034.0
False,False,False,False,False,1024,500,500,1125000,0,write,0.0,0.0,0.0,0.0
False,False,False,False,False,1024,500,500,843750,281250,read,52733.5,516336.0,1337359.0,1559733.0
False,False,False,False,False,1024,500,500,843750,281250,write,17577.3,6962675.0,8320198.0,9042323.0
False,False,False,False,False,1024,500,500,843750,281250,read,28522.6,587235.0,1483410.0,1710140.0
False,False,False,False,False,1024,500,500,843750,281250,write,9498.92,7171669.0,8529413.0,9324030.0
False,False,False,False,False,1024,500,500,562500,562500,read,15293.0,2326662194.0,7564602869.0,8544275477.0
False,False,False,False,False,1024,500,500,562500,562500,write,15285.0,2341313515.0,7569972185.0,8550747356.0
False,False,False,False,False,1024,500,500,562500,562500,read,10078.3,1537084466.0,4817056770.0,5338923531.0
False,False,False,False,False,1024,500,500,562500,562500,write,10060.0,1543886973.0,4822147492.0,5342036408.0
False,False,False,False,False,1024,500,500,281250,843750,read,5115.07,3463488651.0,9562155361.0,10686725927.0
False,False,False,False,False,1024,500,500,281250,843750,write,15318.8,3481094332.0,9573397796.0,10660464465.0
False,False,False,False,False,1024,500,500,281250,843750,read,5274.49,3480672513.0,9685657444.0,11537088741.0
False,False,False,False,False,1024,500,500,281250,843750,write,15769.8,3499201152.0,9677327453.0,10716396690.0
False,False,False,False,False,1024,500,500,1200000,0,read,79997.6,133918.0,181726.0,199343.0
False,False,False,False,False,1024,500,500,1200000,0,write,0.0,0.0,0.0,0.0
False,False,False,False,False,1024,500,500,1200000,0,read,79997.1,136845.0,189760.0,202929.0
False,False,False,False,False,1024,500,500,1200000,0,write,0.0,0.0,0.0,0.0
False,False,False,False,False,1024,500,500,900000,300000,read,49044.5,782349.0,1730349.0,1985968.0
False,False,False,False,False,1024,500,500,900000,300000,write,16336.3,7672305.0,9194860.0,10361968.0
False,False,False,False,False,1024,500,500,900000,300000,read,34674.5,732526.0,1656900.0,1900829.0
False,False,False,False,False,1024,500,500,900000,300000,write,11552.0,7627890.0,9096409.0,10155662.0
False,False,False,False,False,1024,500,500,600000,600000,read,16589.1,2217551560.0,7603631624.0,8616264315.0
False,False,False,False,False,1024,500,500,600000,600000,write,16576.0,2226033401.0,7624260175.0,8619910645.0
False,False,False,False,False,1024,500,500,600000,600000,read,16849.1,2658148120.0,7758654712.0,9322808520.0
False,False,False,False,False,1024,500,500,600000,600000,write,16827.8,2680312001.0,7764716835.0,9330642612.0
False,False,False,False,False,1024,500,500,300000,900000,read,5445.61,3765019672.0,9859893197.0,11676895163.0
False,False,False,False,False,1024,500,500,300000,900000,write,16323.6,3776800536.0,9869063582.0,11680996256.0
False,False,False,False,False,1024,500,500,300000,900000,read,4857.46,3091485278.0,7737358221.0,8476573056.0
False,False,False,False,False,1024,500,500,300000,900000,write,14556.9,3129715690.0,7746758457.0,8489798517.0
True,False,False,False,False,1024,500,500,75000,0,read,4574.89,62630.0,93639.0,97256.0
True,False,False,False,False,1024,500,500,75000,0,write,0.0,0.0,0.0,0.0
True,False,False,False,False,1024,500,500,75000,0,read,4999.82,63359.0,107110.0,109911.0
True,False,False,False,False,1024,500,500,75000,0,write,0.0,0.0,0.0,0.0
True,False,False,False,False,1024,500,500,56250,18750,read,3515.45,65635.0,100744.0,107790.0
True,False,False,False,False,1024,500,500,56250,18750,write,1171.84,4053025.0,5317211.0,5468891.0
True,False,False,False,False,1024,500,500,56250,18750,read,3515.52,69679.0,114756.0,119031.0
True,False,False,False,False,1024,500,500,56250,18750,write,1171.84,4066476.0,5330032.0,5491986.0
True,False,False,False,False,1024,500,500,37500,37500,read,2343.67,4082862.0,5311446.0,5610569.0
True,False,False,False,False,1024,500,500,37500,37500,write,2343.67,4623396.0,5487541.0,5654362.0
True,False,False,False,False,1024,500,500,37500,37500,read,2343.67,4236351.0,5497999.0,5723743.0
True,False,False,False,False,1024,500,500,37500,37500,write,2343.67,4638378.0,5533636.0,5726787.0
True,False,False,False,False,1024,500,500,18750,56250,read,1171.78,94480.0,114654.0,138092.0
True,False,False,False,False,1024,500,500,18750,56250,write,3515.52,4558931.0,5433676.0,5605170.0
True,False,False,False,False,1024,500,500,18750,56250,read,1171.77,88949.0,113437.0,132198.0
True,False,False,False,False,1024,500,500,18750,56250,write,3515.51,4571436.0,5474929.0,5639500.0
True,False,False,False,False,1024,500,500,150000,0,read,9998.9,58591.0,63673.0,65827.0
True,False,False,False,False,1024,500,500,150000,0,write,0.0,0.0,0.0,0.0
True,False,False,False,False,1024,500,500,150000,0,read,9999.78,60831.0,96566.0,100669.0
True,False,False,False,False,1024,500,500,150000,0,write,0.0,0.0,0.0,0.0
True,False,False,False,False,1024,500,500,112500,37500,read,7030.95,64369.0,82130.0,99422.0
True,False,False,False,False,1024,500,500,112500,37500,write,2343.67,4466571.0,5346572.0,5502066.0
True,False,False,False,False,1024,500,500,112500,37500,read,7030.95,67624.0,105104.0,118449.0
True,False,False,False,False,1024,500,500,112500,37500,write,2343.67,4494067.0,5366922.0,5537629.0
True,False,False,False,False,1024,500,500,75000,75000,read,4687.26,93215.0,115478.0,143281.0
True,False,False,False,False,1024,500,500,75000,75000,write,4687.32,4676638.0,5576306.0,5755088.0
True,False,False,False,False,1024,500,500,75000,75000,read,4687.28,90616.0,113457.0,148617.0
True,False,False,False,False,1024,500,500,75000,75000,write,4687.34,4696412.0,5597350.0,5779705.0
True,False,False,False,False,1024,500,500,37500,112500,read,2343.6,93535.0,135721.0,198267.0
True,False,False,False,False,1024,500,500,37500,112500,write,7030.99,4937527.0,5881552.0,6074936.0
True,False,False,False,False,1024,500,500,37500,112500,read,2343.66,91697.0,126363.0,176368.0
True,False,False,False,False,1024,500,500,37500,112500,write,7030.98,4912158.0,5841015.0,6035582.0
True,False,False,False,False,1024,500,500,225000,0,read,14999.7,59238.0,91830.0,104415.0
True,False,False,False,False,1024,500,500,225000,0,write,0.0,0.0,0.0,0.0
True,False,False,False,False,1024,500,500,225000,0,read,14999.7,67340.0,98170.0,102849.0
True,False,False,False,False,1024,500,500,225000,0,write,0.0,0.0,0.0,0.0
True,False,False,False,False,1024,500,500,168750,56250,read,10546.6,86519.0,134766.0,154739.0
True,False,False,False,False,1024,500,500,168750,56250,write,3515.56,4631398.0,5530057.0,5714725.0
True,False,False,False,False,1024,500,500,168750,56250,read,10546.6,87281.0,131633.0,149343.0
True,False,False,False,False,1024,500,500,168750,56250,write,3515.56,4606365.0,5483109.0,5650378.0
True,False,False,False,False,1024,500,500,112500,112500,read,7030.93,95779.0,154138.0,231522.0
True,False,False,False,False,1024,500,500,112500,112500,write,7031.0,4977176.0,5905174.0,6096487.0
True,False,False,False,False,1024,500,500,112500,112500,read,7030.92,94242.0,157682.0,235515.0
True,False,False,False,False,1024,500,500,112500,112500,write,7030.98,4987577.0,5911614.0,6098839.0
True,False,False,False,False,1024,500,500,56250,168750,read,3515.41,99915.0,250033.0,386475.0
True,False,False,False,False,1024,500,500,56250,168750,write,10546.5,5338275.0,6316455.0,6542933.0
True,False,False,False,False,1024,500,500,56250,168750,read,3515.48,105463.0,237349.0,367938.0
True,False,False,False,False,1024,500,500,56250,168750,write,10546.5,5295052.0,6254928.0,6483299.0
True,False,False,False,False,1024,500,500,300000,0,read,19998.4,66010.0,103825.0,109911.0
True,False,False,False,False,1024,500,500,300000,0,write,0.0,0.0,0.0,0.0
True,False,False,False,False,1024,500,500,300000,0,read,19999.5,97827.0,131218.0,140321.0
True,False,False,False,False,1024,500,500,300000,0,write,0.0,0.0,0.0,0.0
True,False,False,False,False,1024,500,500,225000,75000,read,14062.1,100569.0,146647.0,181158.0
True,False,False,False,False,1024,500,500,225000,75000,write,4687.33,4701105.0,5599193.0,5785691.0
True,False,False,False,False,1024,500,500,225000,75000,read,14062.2,105490.0,149907.0,187043.0
True,False,False,False,False,1024,500,500,225000,75000,write,4687.35,4707012.0,5617729.0,5801953.0
True,False,False,False,False,1024,500,500,150000,150000,read,9374.6,100115.0,259335.0,396053.0
True,False,False,False,False,1024,500,500,150000,150000,write,9374.6,5248650.0,6174866.0,6382869.0
True,False,False,False,False,1024,500,500,150000,150000,read,2019.28,5299259569.0,9493863222.0,10010836574.0
True,False,False,False,False,1024,500,500,150000,150000,write,2019.28,5299494518.0,9494307149.0,10010876158.0
True,False,False,False,False,1024,500,500,75000,225000,read,952.686,3451720464.0,6277589888.0,6631086670.0
True,False,False,False,False,1024,500,500,75000,225000,write,2857.95,3451553522.0,6277988666.0,6631014285.0
True,False,False,False,False,1024,500,500,75000,225000,read,4687.24,117694.0,461603.0,658531.0
True,False,False,False,False,1024,500,500,75000,225000,write,14062.0,5744207.0,6690965.0,6997071.0
True,False,False,False,False,1024,500,500,375000,0,read,24999.4,83621.0,117479.0,128123.0
True,False,False,False,False,1024,500,500,375000,0,write,0.0,0.0,0.0,0.0
True,False,False,False,False,1024,500,500,375000,0,read,24999.3,89797.0,127009.0,143455.0
True,False,False,False,False,1024,500,500,375000,0,write,0.0,0.0,0.0,0.0
True,False,False,False,False,1024,500,500,281250,93750,read,17577.6,117562.0,179735.0,252985.0
True,False,False,False,False,1024,500,500,281250,93750,write,5859.16,4848473.0,5757211.0,5944900.0
True,False,False,False,False,1024,500,500,281250,93750,read,17577.6,122002.0,185719.0,257845.0
True,False,False,False,False,1024,500,500,281250,93750,write,5859.16,4865572.0,5776848.0,5962817.0
True,False,False,False,False,1024,500,500,187500,187500,read,11718.3,119072.0,435306.0,611390.0
True,False,False,False,False,1024,500,500,187500,187500,write,11718.3,5540264.0,6456719.0,6692472.0
True,False,False,False,False,1024,500,500,187500,187500,read,11718.2,112156.0,439008.0,614046.0
True,False,False,False,False,1024,500,500,187500,187500,write,11718.2,5541862.0,6467585.0,6718351.0
True,False,False,False,False,1024,500,500,93750,281250,read,5859.01,147820.0,1043185.0,1341388.0
True,False,False,False,False,1024,500,500,93750,281250,write,17577.3,6451989.0,7494001.0,8078413.0
True,False,False,False,False,1024,500,500,93750,281250,read,1453.68,4558198729.0,8413259092.0,8934109985.0
True,False,False,False,False,1024,500,500,93750,281250,write,4360.91,4558081379.0,8413128473.0,8933698350.0
True,False,False,False,False,1024,500,500,450000,0,read,17299.5,359789696.0,472101607.0,487898750.0
True,False,False,False,False,1024,500,500,450000,0,write,0.0,0.0,0.0,0.0
True,False,False,False,False,1024,500,500,450000,0,read,29999.5,91493.0,125832.0,140382.0
True,False,False,False,False,1024,500,500,450000,0,write,0.0,0.0,0.0,0.0
True,False,False,False,False,1024,500,500,337500,112500,read,21093.1,133783.0,247448.0,359205.0
True,False,False,False,False,1024,500,500,337500,112500,write,7030.99,5025051.0,5937143.0,6138961.0
True,False,False,False,False,1024,500,500,337500,112500,read,21093.2,130180.0,233274.0,339068.0
True,False,False,False,False,1024,500,500,337500,112500,write,7031.08,5021904.0,5936786.0,6135618.0
True,False,False,False,False,1024,500,500,225000,225000,read,14061.9,150550.0,644013.0,852745.0
True,False,False,False,False,1024,500,500,225000,225000,write,14062.0,5833057.0,6755001.0,7040063.0
True,False,False,False,False,1024,500,500,225000,225000,read,14061.9,143097.0,639078.0,848075.0
True,False,False,False,False,1024,500,500,225000,225000,write,14062.0,5836995.0,6778765.0,7075611.0
True,False,False,False,False,1024,500,500,112500,337500,read,7030.85,325677.0,1491713.0,1802079.0
True,False,False,False,False,1024,500,500,112500,337500,write,21092.7,7135941.0,8301886.0,10445819.0
True,False,False,False,False,1024,500,500,112500,337500,read,7030.83,319168.0,1486752.0,1828664.0
True,False,False,False,False,1024,500,500,112500,337500,write,21092.7,7095808.0,8346639.0,10485234.0
True,False,False,False,False,1024,500,500,525000,0,read,34999.4,113168.0,149355.0,155912.0
True,False,False,False,False,1024,500,500,525000,0,write,0.0,0.0,0.0,0.0
True,False,False,False,False,1024,500,500,525000,0,read,34999.7,106912.0,143634.0,151819.0
True,False,False,False,False,1024,500,500,525000,0,write,0.0,0.0,0.0,0.0
True,False,False,False,False,1024,500,500,393750,131250,read,24604.0,136618.0,313624.0,443424.0
True,False,False,False,False,1024,500,500,393750,131250,write,8201.42,5169539.0,6104087.0,6310491.0
True,False,False,False,False,1024,500,500,393750,131250,read,24608.5,143874.0,319798.0,445603.0
True,False,False,False,False,1024,500,500,393750,131250,write,8202.89,5178055.0,6080940.0,6283359.0
True,False,False,False,False,1024,500,500,262500,262500,read,16405.6,183643.0,930999.0,1128229.0
True,False,False,False,False,1024,500,500,262500,262500,write,16405.6,6329205.0,7290044.0,7773141.0
True,False,False,False,False,1024,500,500,262500,262500,read,16405.5,181221.0,960099.0,1168182.0
True,False,False,False,False,1024,500,500,262500,262500,write,16405.6,6376150.0,7345951.0,7804780.0
True,False,False,False,False,1024,500,500,131250,393750,read,8202.52,912357.0,2347947.0,2926841.0
True,False,False,False,False,1024,500,500,131250,393750,write,24607.6,8314117.0,11103410.0,13907596.0
True,False,False,False,False,1024,500,500,131250,393750,read,8202.52,840815.0,2239364.0,2722337.0
True,False,False,False,False,1024,500,500,131250,393750,write,24607.6,8213544.0,10773119.0,13778735.0
True,False,False,False,False,1024,500,500,600000,0,read,39998.8,113774.0,147332.0,155281.0
True,False,False,False,False,1024,500,500,600000,0,write,0.0,0.0,0.0,0.0
True,False,False,False,False,1024,500,500,600000,0,read,27045.5,1666182246.0,2969538181.0,3130876890.0
True,False,False,False,False,1024,500,500,600000,0,write,0.0,0.0,0.0,0.0
True,False,False,False,False,1024,500,500,450000,150000,read,2161.28,4867077892.0,8809658098.0,9310705147.0
True,False,False,False,False,1024,500,500,450000,150000,write,720.461,4867071211.0,8810112637.0,9312924584.0
True,False,False,False,False,1024,500,500,450000,150000,read,28124.0,155498.0,414665.0,558466.0
True,False,False,False,False,1024,500,500,450000,150000,write,9374.64,5345445.0,6259592.0,6476491.0
True,False,False,False,False,1024,500,500,300000,300000,read,18748.9,266320.0,1163490.0,1386517.0
True,False,False,False,False,1024,500,500,300000,300000,write,18749.1,6727948.0,7852018.0,8774198.0
True,False,False,False,False,1024,500,500,300000,300000,read,18748.9,269980.0,1187120.0,1424370.0
True,False,False,False,False,1024,500,500,300000,300000,write,18748.9,6775885.0,7938109.0,9091926.0
True,False,False,False,False,1024,500,500,150000,450000,read,944.652,2787804058.0,5129069912.0,5426029442.0
True,False,False,False,False,1024,500,500,150000,450000,write,2833.96,2787536010.0,5128601150.0,5425891866.0
True,False,False,False,False,1024,500,500,150000,450000,read,2641.24,5219708571.0,10412775744.0,11813263803.0
True,False,False,False,False,1024,500,500,150000,450000,write,7923.42,5216196451.0,10411181109.0,11812999881.0
True,False,False,False,False,1024,500,500,675000,0,read,44997.7,117923.0,152267.0,161354.0
True,False,False,False,False,1024,500,500,675000,0,write,0.0,0.0,0.0,0.0
True,False,False,False,False,1024,500,500,675000,0,read,44999.2,116081.0,152249.0,160539.0
True,False,False,False,False,1024,500,500,675000,0,write,0.0,0.0,0.0,0.0
True,False,False,False,False,1024,500,500,506250,168750,read,31639.9,158844.0,483724.0,631390.0
True,False,False,False,False,1024,500,500,506250,168750,write,10546.5,5437000.0,6340502.0,6561789.0
True,False,False,False,False,1024,500,500,506250,168750,read,31639.9,163802.0,476908.0,627786.0
True,False,False,False,False,1024,500,500,506250,168750,write,10546.5,5442632.0,6345757.0,6571592.0
True,False,False,False,False,1024,500,500,337500,337500,read,21092.7,385049.0,1401459.0,1708038.0
True,False,False,False,False,1024,500,500,337500,337500,write,21092.7,7157538.0,8615826.0,10696624.0
True,False,False,False,False,1024,500,500,337500,337500,read,3379.87,6672458174.0,12246301821.0,13639213833.0
True,False,False,False,False,1024,500,500,337500,337500,write,3379.68,6672796804.0,12246302184.0,13639198740.0
True,False,False,False,False,1024,500,500,168750,506250,read,10544.1,10481551.0,26266766.0,30061087.0
True,False,False,False,False,1024,500,500,168750,506250,write,31632.8,23518362.0,40023344.0,43165353.0
True,False,False,False,False,1024,500,500,168750,506250,read,10544.4,10317697.0,19251500.0,21882646.0
True,False,False,False,False,1024,500,500,168750,506250,write,31633.6,24019962.0,32930717.0,35939717.0
True,False,False,False,False,1024,500,500,750000,0,read,49998.5,124141.0,155128.0,163360.0
True,False,False,False,False,1024,500,500,750000,0,write,0.0,0.0,0.0,0.0
True,False,False,False,False,1024,500,500,750000,0,read,49998.8,123455.0,161764.0,171357.0
True,False,False,False,False,1024,500,500,750000,0,write,0.0,0.0,0.0,0.0
True,False,False,False,False,1024,500,500,562500,187500,read,35155.6,181956.0,615488.0,768408.0
True,False,False,False,False,1024,500,500,562500,187500,write,11718.3,5674164.0,6589779.0,6835461.0
True,False,False,False,False,1024,500,500,562500,187500,read,35144.3,201679.0,759152.0,1012823.0
True,False,False,False,False,1024,500,500,562500,187500,write,11714.3,5706236.0,6693682.0,7101155.0
True,False,False,False,False,1024,500,500,375000,375000,read,10190.0,1072214.0,2666009368.0,4723571718.0
True,False,False,False,False,1024,500,500,375000,375000,write,10189.9,8573559.0,2668120504.0,4724908570.0
True,False,False,False,False,1024,500,500,375000,375000,read,16171.8,793194.0,2148461.0,2697222.0
True,False,False,False,False,1024,500,500,375000,375000,write,16160.6,8121263.0,10595662.0,13366785.0
True,False,False,False,False,1024,500,500,187500,562500,read,6843.97,502535055.0,3684900754.0,4323348629.0
True,False,False,False,False,1024,500,500,187500,562500,write,19556.8,933654726.0,3774594899.0,4344535699.0
True,False,False,False,False,1024,500,500,187500,562500,read,6480.07,1134140337.0,6095390552.0,6903106188.0
True,False,False,False,False,1024,500,500,187500,562500,write,19426.1,1147047691.0,6092585995.0,6923029939.0
True,False,False,False,False,1024,500,500,825000,0,read,29887.5,3286105376.0,5712020056.0,6014689062.0
True,False,False,False,False,1024,500,500,825000,0,write,0.0,0.0,0.0,0.0
True,False,False,False,False,1024,500,500,825000,0,read,34676.6,2773101443.0,4979352949.0,5265522352.0
True,False,False,False,False,1024,500,500,825000,0,write,0.0,0.0,0.0,0.0
True,False,False,False,False,1024,500,500,618750,206250,read,38670.7,215888.0,707976.0,867136.0
True,False,False,False,False,1024,500,500,618750,206250,write,12890.1,5825075.0,6791576.0,7101336.0
True,False,False,False,False,1024,500,500,618750,206250,read,38670.7,213532.0,717636.0,877510.0
True,False,False,False,False,1024,500,500,618750,206250,write,12890.1,5858149.0,6849479.0,7163854.0
True,False,False,False,False,1024,500,500,412500,412500,read,3377.06,6967436754.0,12629629090.0,14073131400.0
True,False,False,False,False,1024,500,500,412500,412500,write,3377.06,6969106107.0,12629580707.0,14073286457.0
True,False,False,False,False,1024,500,500,412500,412500,read,25761.9,1315101.0,3282732.0,4696969.0
True,False,False,False,False,1024,500,500,412500,412500,write,25762.0,9318632.0,13629975.0,15806431.0
True,False,False,False,False,1024,500,500,206250,618750,read,2641.96,5928222374.0,11440498989.0,12968395366.0
True,False,False,False,False,1024,500,500,206250,618750,write,7926.02,5927476176.0,11443413688.0,12968592051.0
True,False,False,False,False,1024,500,500,206250,618750,read,2593.85,5741650777.0,11459330894.0,13016507018.0
True,False,False,False,False,1024,500,500,206250,618750,write,7781.98,5741377076.0,11460740218.0,13016838952.0
True,False,False,False,False,1024,500,500,900000,0,read,32130.5,126793.0,170240.0,183026.0
True,False,False,False,False,1024,500,500,900000,0,write,0.0,0.0,0.0,0.0
True,False,False,False,False,1024,500,500,900000,0,read,60000.5,133653.0,169098.0,179782.0
True,False,False,False,False,1024,500,500,900000,0,write,0.0,0.0,0.0,0.0
True,False,False,False,False,1024,500,500,675000,225000,read,2177.75,5244800477.0,9486321778.0,10025259491.0
True,False,False,False,False,1024,500,500,675000,225000,write,725.967,5244669896.0,9486215311.0,10028530429.0
True,False,False,False,False,1024,500,500,675000,225000,read,2120.85,4972138601.0,8915271929.0,9422859533.0
True,False,False,False,False,1024,500,500,675000,225000,write,706.984,4972123663.0,8915607707.0,9422858664.0
True,False,False,False,False,1024,500,500,450000,450000,read,17830.6,2064739.0,5350269.0,6770300.0
True,False,False,False,False,1024,500,500,450000,450000,write,17819.2,10725429.0,15791213.0,17266146.0
True,False,False,False,False,1024,500,500,450000,450000,read,28072.4,4527536.0,9915240.0,11466171.0
True,False,False,False,False,1024,500,500,450000,450000,write,28072.5,14780367.0,20326178.0,21974636.0
True,False,False,False,False,1024,500,500,225000,675000,read,2483.39,5763682613.0,11760847334.0,13383554031.0
True,False,False,False,False,1024,500,500,225000,675000,write,7450.23,5763247718.0,11762641109.0,13383093838.0
True,False,False,False,False,1024,500,500,225000,675000,read,5191.15,2350820063.0,7302471533.0,7988001383.0
True,False,False,False,False,1024,500,500,225000,675000,write,15561.6,2376061346.0,7306310675.0,7977790748.0
True,False,False,False,False,1024,500,500,975000,0,read,59576.2,129618.0,173465.0,188833.0
True,False,False,False,False,1024,500,500,975000,0,write,0.0,0.0,0.0,0.0
True,False,False,False,False,1024,500,500,975000,0,read,42501.5,132544.0,179266.0,195424.0
True,False,False,False,False,1024,500,500,975000,0,write,0.0,0.0,0.0,0.0
True,False,False,False,False,1024,500,500,731250,243750,read,45641.2,332982.0,986735.0,1191757.0
True,False,False,False,False,1024,500,500,731250,243750,write,15213.4,6260801.0,7363532.0,7838533.0
True,False,False,False,False,1024,500,500,731250,243750,read,9947.39,587230.0,6465264429.0,8203305055.0
True,False,False,False,False,1024,500,500,731250,243750,write,3350.37,7050412.0,6430751430.0,8184750381.0
True,False,False,False,False,1024,500,500,487500,487500,read,18029.8,869927881.0,4530221274.0,5181268918.0
True,False,False,False,False,1024,500,500,487500,487500,write,18016.9,879216041.0,4535681175.0,5195903078.0
True,False,False,False,False,1024,500,500,487500,487500,read,15518.5,101422090.0,1944922591.0,2415589008.0
True,False,False,False,False,1024,500,500,487500,487500,write,15515.9,111954891.0,1955728601.0,2426631203.0
True,False,False,False,False,1024,500,500,243750,731250,read,1757.41,5125788006.0,9566849686.0,10184727771.0
True,False,False,False,False,1024,500,500,243750,731250,write,5272.3,5125903093.0,9566981226.0,10183564515.0
True,False,False,False,False,1024,500,500,243750,731250,read,2497.08,5892330580.0,11948339498.0,13573685218.0
True,False,False,False,False,1024,500,500,243750,731250,write,7491.37,5893039430.0,11950993897.0,13574039026.0
True,False,False,False,False,1024,500,500,1050000,0,read,70000.5,140080.0,186287.0,204454.0
True,False,False,False,False,1024,500,500,1050000,0,write,0.0,0.0,0.0,0.0
True,False,False,False,False,1024,500,500,1050000,0,read,70001.1,139746.0,188515.0,210951.0
True,False,False,False,False,1024,500,500,1050000,0,write,0.0,0.0,0.0,0.0
True,False,False,False,False,1024,500,500,787500,262500,read,2101.8,4801613615.0,8757922812.0,9249267767.0
True,False,False,False,False,1024,500,500,787500,262500,write,700.445,4801697487.0,8754506955.0,9250417950.0
True,False,False,False,False,1024,500,500,787500,262500,read,3107.14,5878036109.0,10587376208.0,11188369099.0
True,False,False,False,False,1024,500,500,787500,262500,write,1035.61,5877954074.0,10584526193.0,11185774928.0
True,False,False,False,False,1024,500,500,525000,525000,read,17504.8,1620621760.0,6507491369.0,8033185602.0
True,False,False,False,False,1024,500,500,525000,525000,write,17459.2,1619893754.0,6484546843.0,7365017157.0
True,False,False,False,False,1024,500,500,525000,525000,read,3412.42,7211500487.0,12987422515.0,14472523210.0
True,False,False,False,False,1024,500,500,525000,525000,write,3412.42,7211436475.0,12989158895.0,14472522463.0
True,False,False,False,False,1024,500,500,262500,787500,read,1249.92,4216075948.0,7889885281.0,8357567589.0
True,False,False,False,False,1024,500,500,262500,787500,write,3749.92,4215851034.0,7889660063.0,8360553404.0
True,False,False,False,False,1024,500,500,262500,787500,read,3775.98,2456211191.0,6463323189.0,7040534977.0
True,False,False,False,False,1024,500,500,262500,787500,write,11311.7,2466569365.0,6473654918.0,7049032532.0
True,False,False,False,False,1024,500,500,1125000,0,read,74999.4,146818.0,204759.0,228485.0
True,False,False,False,False,1024,500,500,1125000,0,write,0.0,0.0,0.0,0.0
True,False,False,False,False,1024,500,500,1125000,0,read,18570.2,2884675619.0,5190819704.0,5474619915.0
True,False,False,False,False,1024,500,500,1125000,0,write,0.0,0.0,0.0,0.0
True,False,False,False,False,1024,500,500,843750,281250,read,3245.23,6196559117.0,11129280277.0,11748672818.0
True,False,False,False,False,1024,500,500,843750,281250,write,1081.72,6196563815.0,11129147285.0,11751873405.0
True,False,False,False,False,1024,500,500,843750,281250,read,33324.1,600385.0,1439018.0,1675821.0
True,False,False,False,False,1024,500,500,843750,281250,write,11100.2,7091197.0,8488842.0,9259436.0
True,False,False,False,False,1024,500,500,562500,562500,read,1664.56,4724849516.0,8533290608.0,9007917389.0
True,False,False,False,False,1024,500,500,562500,562500,write,1664.56,4725306173.0,8533064145.0,9008524200.0
True,False,False,False,False,1024,500,500,562500,562500,read,10201.2,1766621056.0,5185593847.0,5755877647.0
True,False,False,False,False,1024,500,500,562500,562500,write,10180.1,1778530357.0,5202893371.0,5769574367.0
True,False,False,False,False,1024,500,500,281250,843750,read,5407.28,3688530035.0,9593329615.0,10559276125.0
True,False,False,False,False,1024,500,500,281250,843750,write,16204.4,3702328472.0,9680820204.0,10600095422.0
True,False,False,False,False,1024,500,500,281250,843750,read,5534.78,3096235546.0,9102934896.0,10226924219.0
True,False,False,False,False,1024,500,500,281250,843750,write,16603.2,3110167618.0,9124043520.0,10283779787.0
True,False,False,False,False,1024,500,500,1200000,0,read,4811.23,89221.0,131062.0,155476.0
True,False,False,False,False,1024,500,500,1200000,0,write,0.0,0.0,0.0,0.0
True,False,False,False,False,1024,500,500,1200000,0,read,79995.1,156359.0,266428.0,335584.0
True,False,False,False,False,1024,500,500,1200000,0,write,0.0,0.0,0.0,0.0
True,False,False,False,False,1024,500,500,900000,300000,read,4211.51,7426791865.0,13381580448.0,14904071868.0
True,False,False,False,False,1024,500,500,900000,300000,write,1403.82,7426752072.0,13381570717.0,14904163632.0
True,False,False,False,False,1024,500,500,900000,300000,read,37849.2,757934.0,1668289.0,1914533.0
True,False,False,False,False,1024,500,500,900000,300000,write,12607.4,7646444.0,9152972.0,10282720.0
True,False,False,False,False,1024,500,500,600000,600000,read,1616.33,5338758366.0,9616303870.0,10161116944.0
True,False,False,False,False,1024,500,500,600000,600000,write,1616.13,5338697355.0,9613337632.0,10159685040.0
True,False,False,False,False,1024,500,500,600000,600000,read,11114.4,1762385903.0,5003573537.0,5492821409.0
True,False,False,False,False,1024,500,500,600000,600000,write,11086.6,1774679197.0,4993961198.0,5489219198.0
True,False,False,False,False,1024,500,500,300000,900000,read,1944.72,5614859002.0,10906451756.0,11687893056.0
True,False,False,False,False,1024,500,500,300000,900000,write,5834.35,5614705241.0,10906505160.0,11691629798.0
True,False,False,False,False,1024,500,500,300000,900000,read,3525.45,2487997068.0,5778806843.0,6369080180.0
True,False,False,False,False,1024,500,500,300000,900000,write,10561.1,2500952288.0,5793912089.0,6356884580.0
False,True,False,False,False,1024,500,500,75000,0,read,3315.18,71362.0,94540.0,96389.0
False,True,False,False,False,1024,500,500,75000,0,write,0.0,0.0,0.0,0.0
False,True,False,False,False,1024,500,500,75000,0,read,4999.86,65782.0,79268.0,113957.0
False,True,False,False,False,1024,500,500,75000,0,write,0.0,0.0,0.0,0.0
False,True,False,False,False,1024,500,500,56250,18750,read,3515.51,63213.0,98419.0,104359.0
False,True,False,False,False,1024,500,500,56250,18750,write,1171.84,4045211.0,5307817.0,5466753.0
False,True,False,False,False,1024,500,500,56250,18750,read,3215.39,65965.0,98294.0,111722.0
False,True,False,False,False,1024,500,500,56250,18750,write,1071.15,4106042.0,5358125.0,5514257.0
False,True,False,False,False,1024,500,500,37500,37500,read,2343.61,87690.0,109687.0,120491.0
False,True,False,False,False,1024,500,500,37500,37500,write,2343.67,4454849.0,5304227.0,5471293.0
False,True,False,False,False,1024,500,500,37500,37500,read,2343.6,75675.0,118735.0,126210.0
False,True,False,False,False,1024,500,500,37500,37500,write,2343.67,4467194.0,5353144.0,5509774.0
False,True,False,False,False,1024,500,500,18750,56250,read,4914.79,75859.0,110749.0,124909.0
False,True,False,False,False,1024,500,500,18750,56250,write,0.0,0.0,0.0,0.0
False,True,False,False,False,1024,500,500,18750,56250,read,1033.29,100889.0,132403.0,151067.0
False,True,False,False,False,1024,500,500,18750,56250,write,3098.98,4570525.0,5479340.0,5642949.0
False,True,False,False,False,1024,500,500,150000,0,read,9073.16,62520.0,83580.0,94620.0
False,True,False,False,False,1024,500,500,150000,0,write,0.0,0.0,0.0,0.0
False,True,False,False,False,1024,500,500,150000,0,read,9205.69,67872.0,107168.0,112796.0
False,True,False,False,False,1024,500,500,150000,0,write,0.0,0.0,0.0,0.0
False,True,False,False,False,1024,500,500,112500,37500,read,7030.96,64768.0,99292.0,109223.0
False,True,False,False,False,1024,500,500,112500,37500,write,2343.68,4450164.0,5331445.0,5493542.0
False,True,False,False,False,1024,500,500,112500,37500,read,7031.01,74849.0,120996.0,136814.0
False,True,False,False,False,1024,500,500,112500,37500,write,2343.67,4466216.0,5344526.0,5499459.0
False,True,False,False,False,1024,500,500,75000,75000,read,2614.02,96257.0,132025.0,178299.0
False,True,False,False,False,1024,500,500,75000,75000,write,0.0,0.0,0.0,0.0
False,True,False,False,False,1024,500,500,75000,75000,read,2122.81,95911.0,133171.0,169497.0
False,True,False,False,False,1024,500,500,75000,75000,write,2121.06,4695064.0,5608381.0,5789971.0
False,True,False,False,False,1024,500,500,37500,112500,read,4445.46,89320.0,152358.0,223618.0
False,True,False,False,False,1024,500,500,37500,112500,write,0.0,0.0,0.0,0.0
False,True,False,False,False,1024,500,500,37500,112500,read,467.173,132106.0,182356.0,260470.0
False,True,False,False,False,1024,500,500,37500,112500,write,1398.88,4964332.0,5873901.0,6070742.0
False,True,False,False,False,1024,500,500,225000,0,read,6851.08,61924.0,90433.0,103752.0
False,True,False,False,False,1024,500,500,225000,0,write,0.0,0.0,0.0,0.0
False,True,False,False,False,1024,500,500,225000,0,read,8792.78,93190.0,121579.0,131504.0
False,True,False,False,False,1024,500,500,225000,0,write,0.0,0.0,0.0,0.0
False,True,False,False,False,1024,500,500,168750,56250,read,9963.06,109657.0,155254.0,179274.0
False,True,False,False,False,1024,500,500,168750,56250,write,3319.96,4622845.0,5520152.0,5683210.0
False,True,False,False,False,1024,500,500,168750,56250,read,7032.73,94316.0,140391.0,160260.0
False,True,False,False,False,1024,500,500,168750,56250,write,2343.21,4599692.0,5480330.0,5642628.0
False,True,False,False,False,1024,500,500,112500,112500,read,4807.66,104036.0,178474.0,250613.0
False,True,False,False,False,1024,500,500,112500,112500,write,4805.68,4963750.0,5880206.0,6076043.0
False,True,False,False,False,1024,500,500,112500,112500,read,4917.51,98405.0,168820.0,246168.0
False,True,False,False,False,1024,500,500,112500,112500,write,4915.66,4957383.0,5856981.0,6048279.0
False,True,False,False,False,1024,500,500,56250,168750,read,2403.04,114541.0,303903.0,447594.0
False,True,False,False,False,1024,500,500,56250,168750,write,7206.92,5345980.0,6305981.0,6536969.0
False,True,False,False,False,1024,500,500,56250,168750,read,3515.4,105193.0,293477.0,433718.0
False,True,False,False,False,1024,500,500,56250,168750,write,10546.5,5354687.0,6325380.0,6561379.0
False,True,False,False,False,1024,500,500,300000,0,read,9081.59,87390.0,130536.0,150583.0
False,True,False,False,False,1024,500,500,300000,0,write,0.0,0.0,0.0,0.0
False,True,False,False,False,1024,500,500,300000,0,read,9671.19,91037.0,134895.0,143226.0
False,True,False,False,False,1024,500,500,300000,0,write,0.0,0.0,0.0,0.0
False,True,False,False,False,1024,500,500,225000,75000,read,9749.05,115087.0,172241.0,223246.0
False,True,False,False,False,1024,500,500,225000,75000,write,3248.42,4758022.0,5653147.0,5839117.0
False,True,False,False,False,1024,500,500,225000,75000,read,2634.13,108954.0,169090.0,231215.0
False,True,False,False,False,1024,500,500,225000,75000,write,0.0,0.0,0.0,0.0
False,True,False,False,False,1024,500,500,150000,150000,read,6407.87,115360.0,306356.0,445205.0
False,True,False,False,False,1024,500,500,150000,150000,write,6405.68,5274671.0,6200138.0,6413149.0
False,True,False,False,False,1024,500,500,150000,150000,read,9374.38,94808.0,246655.0,372266.0
False,True,False,False,False,1024,500,500,150000,150000,write,9374.57,5213136.0,6162449.0,6388600.0
False,True,False,False,False,1024,500,500,75000,225000,read,4686.03,120390.0,534278.0,750939.0
False,True,False,False,False,1024,500,500,75000,225000,write,14058.5,5804548.0,6774355.0,7088037.0
False,True,False,False,False,1024,500,500,75000,225000,read,4926.81,126404.0,555904.0,778717.0
False,True,False,False,False,1024,500,500,75000,225000,write,0.0,0.0,0.0,0.0
False,True,False,False,False,1024,500,500,375000,0,read,4952.49,92677.0,117830.0,124512.0
False,True,False,False,False,1024,500,500,375000,0,write,0.0,0.0,0.0,0.0
False,True,False,False,False,1024,500,500,375000,0,read,24999.2,88407.0,125112.0,143168.0
False,True,False,False,False,1024,500,500,375000,0,write,0.0,0.0,0.0,0.0
False,True,False,False,False,1024,500,500,281250,93750,read,17577.5,130299.0,208792.0,285504.0
False,True,False,False,False,1024,500,500,281250,93750,write,5859.14,4904484.0,5811471.0,5998856.0
False,True,False,False,False,1024,500,500,281250,93750,read,15466.6,117180.0,191348.0,279691.0
False,True,False,False,False,1024,500,500,281250,93750,write,5149.24,4914315.0,5929406.0,6380203.0
False,True,False,False,False,1024,500,500,187500,187500,read,6515.37,119128.0,528453.0,737262.0
False,True,False,False,False,1024,500,500,187500,187500,write,6503.44,5666076.0,6686685.0,7172180.0
False,True,False,False,False,1024,500,500,187500,187500,read,10715.3,122853.0,481977.0,679357.0
False,True,False,False,False,1024,500,500,187500,187500,write,10705.0,5607988.0,6603589.0,6970801.0
False,True,False,False,False,1024,500,500,93750,281250,read,5858.97,157408.0,1007271.0,1315336.0
False,True,False,False,False,1024,500,500,93750,281250,write,17577.2,6472740.0,7501264.0,8137240.0
False,True,False,False,False,1024,500,500,93750,281250,read,5853.94,126002.0,839361.0,1138928.0
False,True,False,False,False,1024,500,500,93750,281250,write,17561.8,6346872.0,7425420.0,8168544.0
False,True,False,False,False,1024,500,500,450000,0,read,29999.5,116608.0,151886.0,166851.0
False,True,False,False,False,1024,500,500,450000,0,write,0.0,0.0,0.0,0.0
False,True,False,False,False,1024,500,500,450000,0,read,15834.5,117279.0,152523.0,160528.0
False,True,False,False,False,1024,500,500,450000,0,write,0.0,0.0,0.0,0.0
False,True,False,False,False,1024,500,500,337500,112500,read,21093.0,129307.0,237712.0,343355.0
False,True,False,False,False,1024,500,500,337500,112500,write,7031.0,4985027.0,5886712.0,6082460.0
False,True,False,False,False,1024,500,500,337500,112500,read,12372.0,126075.0,237634.0,343823.0
False,True,False,False,False,1024,500,500,337500,112500,write,4121.89,4989513.0,5900845.0,6100244.0
False,True,False,False,False,1024,500,500,225000,225000,read,12382.9,153723.0,692522.0,906872.0
False,True,False,False,False,1024,500,500,225000,225000,write,12379.0,5904078.0,6871117.0,7191524.0
False,True,False,False,False,1024,500,500,225000,225000,read,8135.58,158096.0,659750.0,867096.0
False,True,False,False,False,1024,500,500,225000,225000,write,8131.52,5839622.0,6788076.0,7111387.0
False,True,False,False,False,1024,500,500,112500,337500,read,6420.61,299556.0,1465496.0,1843926.0
False,True,False,False,False,1024,500,500,112500,337500,write,18690.6,7096862.0,8516085.0,10237461.0
False,True,False,False,False,1024,500,500,112500,337500,read,6201.69,461136.0,1662918.0,1967204.0
False,True,False,False,False,1024,500,500,112500,337500,write,18596.0,7361253.0,8722788.0,10689380.0
False,True,False,False,False,1024,500,500,525000,0,read,31934.8,114479.0,148401.0,159142.0
False,True,False,False,False,1024,500,500,525000,0,write,0.0,0.0,0.0,0.0
False,True,False,False,False,1024,500,500,525000,0,read,13954.0,110107.0,144005.0,154716.0
False,True,False,False,False,1024,500,500,525000,0,write,0.0,0.0,0.0,0.0
False,True,False,False,False,1024,500,500,393750,131250,read,15643.8,151709.0,350491.0,488942.0
False,True,False,False,False,1024,500,500,393750,131250,write,5212.05,5175883.0,6094424.0,6304938.0
False,True,False,False,False,1024,500,500,393750,131250,read,21795.8,157678.0,354386.0,487375.0
False,True,False,False,False,1024,500,500,393750,131250,write,7262.02,5207009.0,6109223.0,6311473.0
False,True,False,False,False,1024,500,500,262500,262500,read,16400.6,197171.0,934772.0,1132593.0
False,True,False,False,False,1024,500,500,262500,262500,write,16400.6,6266366.0,7215807.0,7667392.0
False,True,False,False,False,1024,500,500,262500,262500,read,14952.8,183207.0,875256.0,1079083.0
False,True,False,False,False,1024,500,500,262500,262500,write,14946.3,6252925.0,7222077.0,7744775.0
False,True,False,False,False,1024,500,500,131250,393750,read,5233.56,731935.0,2064780.0,2542471.0
False,True,False,False,False,1024,500,500,131250,393750,write,15691.2,8134502.0,10634006.0,13538859.0
False,True,False,False,False,1024,500,500,131250,393750,read,8191.35,906395.0,2496895.0,3347440.0
False,True,False,False,False,1024,500,500,131250,393750,write,24575.1,8205275.0,11429069.0,14370671.0
False,True,False,False,False,1024,500,500,600000,0,read,39998.9,90871.0,119339.0,134191.0
False,True,False,False,False,1024,500,500,600000,0,write,0.0,0.0,0.0,0.0
False,True,False,False,False,1024,500,500,600000,0,read,39998.5,120293.0,151948.0,159568.0
False,True,False,False,False,1024,500,500,600000,0,write,0.0,0.0,0.0,0.0
False,True,False,False,False,1024,500,500,450000,150000,read,28115.0,160132.0,440565.0,593480.0
False,True,False,False,False,1024,500,500,450000,150000,write,9371.63,5346327.0,6273354.0,6494483.0
False,True,False,False,False,1024,500,500,450000,150000,read,4880.5,127318.0,396254.0,541704.0
False,True,False,False,False,1024,500,500,450000,150000,write,0.0,0.0,0.0,0.0
False,True,False,False,False,1024,500,500,300000,300000,read,16625.2,347726.0,1283181.0,1524230.0
False,True,False,False,False,1024,500,500,300000,300000,write,16616.0,6863602.0,8038078.0,9312522.0
False,True,False,False,False,1024,500,500,300000,300000,read,2695.6,250462.0,1169927.0,1398579.0
False,True,False,False,False,1024,500,500,300000,300000,write,0.0,0.0,0.0,0.0
False,True,False,False,False,1024,500,500,150000,450000,read,9374.21,1669844.0,4395874.0,6006435.0
False,True,False,False,False,1024,500,500,150000,450000,write,28122.9,10108995.0,15008741.0,16678706.0
False,True,False,False,False,1024,500,500,150000,450000,read,6246.83,851019703.0,3864589267.0,4984684225.0
False,True,False,False,False,1024,500,500,150000,450000,write,18701.4,878908102.0,3892009242.0,4994866430.0
False,True,False,False,False,1024,500,500,675000,0,read,28211.8,130489.0,159981.0,167621.0
False,True,False,False,False,1024,500,500,675000,0,write,0.0,0.0,0.0,0.0
False,True,False,False,False,1024,500,500,675000,0,read,41252.3,119724.0,155086.0,162086.0
False,True,False,False,False,1024,500,500,675000,0,write,0.0,0.0,0.0,0.0
False,True,False,False,False,1024,500,500,506250,168750,read,31640.0,160108.0,491167.0,640582.0
False,True,False,False,False,1024,500,500,506250,168750,write,10546.6,5483105.0,6401850.0,6630329.0
False,True,False,False,False,1024,500,500,506250,168750,read,20384.9,177440.0,565836.0,735174.0
False,True,False,False,False,1024,500,500,506250,168750,write,6792.4,5501546.0,6445342.0,6698040.0
False,True,False,False,False,1024,500,500,337500,337500,read,14240.0,474187.0,1568332.0,1843477.0
False,True,False,False,False,1024,500,500,337500,337500,write,14233.2,7402021.0,8854609.0,10856820.0
False,True,False,False,False,1024,500,500,337500,337500,read,21067.5,412355.0,1415683.0,1699429.0
False,True,False,False,False,1024,500,500,337500,337500,write,21067.7,7175802.0,8570189.0,10341841.0
False,True,False,False,False,1024,500,500,168750,506250,read,4494.62,252037694.0,1727769367.0,2017068682.0
False,True,False,False,False,1024,500,500,168750,506250,write,13415.1,257733970.0,1722158591.0,1999845906.0
False,True,False,False,False,1024,500,500,168750,506250,read,9358.97,8952130.0,41116548.0,94173008.0
False,True,False,False,False,1024,500,500,168750,506250,write,28066.1,21337346.0,56524571.0,105143959.0
False,True,False,False,False,1024,500,500,750000,0,read,49998.5,130999.0,167614.0,177768.0
False,True,False,False,False,1024,500,500,750000,0,write,0.0,0.0,0.0,0.0
False,True,False,False,False,1024,500,500,750000,0,read,45667.8,126483.0,164887.0,175103.0
False,True,False,False,False,1024,500,500,750000,0,write,0.0,0.0,0.0,0.0
False,True,False,False,False,1024,500,500,562500,187500,read,21072.2,192582.0,643804.0,826115.0
False,True,False,False,False,1024,500,500,562500,187500,write,7019.42,5636233.0,6578661.0,6888677.0
False,True,False,False,False,1024,500,500,562500,187500,read,4998.41,118520.0,526889.0,678499.0
False,True,False,False,False,1024,500,500,562500,187500,write,0.0,0.0,0.0,0.0
False,True,False,False,False,1024,500,500,375000,375000,read,10330.3,791026.0,2113713.0,2577544.0
False,True,False,False,False,1024,500,500,375000,375000,write,10316.1,8145077.0,10420287.0,13408416.0
False,True,False,False,False,1024,500,500,375000,375000,read,4822.46,686113.0,2175642.0,2714265.0
False,True,False,False,False,1024,500,500,375000,375000,write,0.0,0.0,0.0,0.0
False,True,False,False,False,1024,500,500,187500,562500,read,3621.18,853290971.0,2963740005.0,3346961177.0
False,True,False,False,False,1024,500,500,187500,562500,write,10847.4,856157174.0,2964215967.0,3362432411.0
False,True,False,False,False,1024,500,500,187500,562500,read,5837.63,1860829048.0,6937249234.0,7843186640.0
False,True,False,False,False,1024,500,500,187500,562500,write,17478.8,1872021519.0,6915069834.0,7797738144.0
False,True,False,False,False,1024,500,500,825000,0,read,2925.06,107375.0,143124.0,155344.0
False,True,False,False,False,1024,500,500,825000,0,write,0.0,0.0,0.0,0.0
False,True,False,False,False,1024,500,500,825000,0,read,46785.5,120775.0,162002.0,171648.0
False,True,False,False,False,1024,500,500,825000,0,write,0.0,0.0,0.0,0.0
False,True,False,False,False,1024,500,500,618750,206250,read,15744.2,208588.0,696124.0,855074.0
False,True,False,False,False,1024,500,500,618750,206250,write,5243.8,5832003.0,6788377.0,7087569.0
False,True,False,False,False,1024,500,500,618750,206250,read,38670.5,218222.0,735763.0,899170.0
False,True,False,False,False,1024,500,500,618750,206250,write,12890.1,5843642.0,6821604.0,7109510.0
False,True,False,False,False,1024,500,500,412500,412500,read,23620.8,1006684.0,2698838.0,4104240.0
False,True,False,False,False,1024,500,500,412500,412500,write,22862.9,8978183.0,13063660.0,15790547.0
False,True,False,False,False,1024,500,500,412500,412500,read,24229.7,1213630.0,3066677.0,4471605.0
False,True,False,False,False,1024,500,500,412500,412500,write,24226.2,9067336.0,13432258.0,15625674.0
False,True,False,False,False,1024,500,500,206250,618750,read,4045.82,1597362540.0,5013302548.0,5570635735.0
False,True,False,False,False,1024,500,500,206250,618750,write,12106.8,1608698229.0,5012140370.0,5563300059.0
False,True,False,False,False,1024,500,500,206250,618750,read,4018.42,1668682808.0,5118302119.0,5647368428.0
False,True,False,False,False,1024,500,500,206250,618750,write,12046.5,1678761486.0,5124725762.0,5652689576.0
False,True,False,False,False,1024,500,500,900000,0,read,40003.8,135140.0,182258.0,197195.0
False,True,False,False,False,1024,500,500,900000,0,write,0.0,0.0,0.0,0.0
False,True,False,False,False,1024,500,500,900000,0,read,23131.7,138034.0,179775.0,194434.0
False,True,False,False,False,1024,500,500,900000,0,write,0.0,0.0,0.0,0.0
False,True,False,False,False,1024,500,500,675000,225000,read,38558.9,255025.0,860477.0,1050647.0
False,True,False,False,False,1024,500,500,675000,225000,write,12838.9,6131921.0,7231380.0,7795664.0
False,True,False,False,False,1024,500,500,675000,225000,read,38534.9,239171.0,875429.0,1060953.0
False,True,False,False,False,1024,500,500,675000,225000,write,12832.8,6208064.0,7316499.0,7764530.0
False,True,False,False,False,1024,500,500,450000,450000,read,15501.1,3667700.0,8203554.0,9496120.0
False,True,False,False,False,1024,500,500,450000,450000,write,15482.6,13527072.0,18586434.0,20113231.0
False,True,False,False,False,1024,500,500,450000,450000,read,10617.7,4811976.0,8858379.0,9987025.0
False,True,False,False,False,1024,500,500,450000,450000,write,10606.5,14579100.0,19123137.0,20734929.0
False,True,False,False,False,1024,500,500,225000,675000,read,6117.37,2793974817.0,7983718406.0,8720256436.0
False,True,False,False,False,1024,500,500,225000,675000,write,18330.2,2803822927.0,7986921510.0,8749730194.0
False,True,False,False,False,1024,500,500,225000,675000,read,5634.91,2968067323.0,8363010802.0,9193951749.0
False,True,False,False,False,1024,500,500,225000,675000,write,16887.5,2995379823.0,8369108338.0,9171376903.0
False,True,False,False,False,1024,500,500,975000,0,read,42987.7,142995.0,193156.0,204037.0
False,True,False,False,False,1024,500,500,975000,0,write,0.0,0.0,0.0,0.0
False,True,False,False,False,1024,500,500,975000,0,read,42097.9,143434.0,186716.0,199143.0
False,True,False,False,False,1024,500,500,975000,0,write,0.0,0.0,0.0,0.0
False,True,False,False,False,1024,500,500,731250,243750,read,42556.8,316519.0,907235.0,1087104.0
False,True,False,False,False,1024,500,500,731250,243750,write,14179.5,6242261.0,7347071.0,7792413.0
False,True,False,False,False,1024,500,500,731250,243750,read,1939.98,281695.0,965209.0,1159527.0
False,True,False,False,False,1024,500,500,731250,243750,write,0.0,0.0,0.0,0.0
False,True,False,False,False,1024,500,500,487500,487500,read,15378.8,178320854.0,2453607949.0,2920204607.0
False,True,False,False,False,1024,500,500,487500,487500,write,15338.8,185880589.0,2453986663.0,2900845579.0
False,True,False,False,False,1024,500,500,487500,487500,read,22057.3,341622868.0,3833269146.0,4589705215.0
False,True,False,False,False,1024,500,500,487500,487500,write,21984.5,349021549.0,3823245705.0,4562323156.0
False,True,False,False,False,1024,500,500,243750,731250,read,3738.72,2485101783.0,6597515269.0,7232261405.0
False,True,False,False,False,1024,500,500,243750,731250,write,11185.0,2481672477.0,6582142852.0,7233221088.0
False,True,False,False,False,1024,500,500,243750,731250,read,3792.13,1587612344.0,4122541304.0,4537872102.0
False,True,False,False,False,1024,500,500,243750,731250,write,11343.6,1587871592.0,4124755314.0,4533381005.0
False,True,False,False,False,1024,500,500,1050000,0,read,39536.8,144805.0,204427.0,233190.0
False,True,False,False,False,1024,500,500,1050000,0,write,0.0,0.0,0.0,0.0
False,True,False,False,False,1024,500,500,1050000,0,read,44967.1,149348.0,201322.0,214633.0
False,True,False,False,False,1024,500,500,1050000,0,write,0.0,0.0,0.0,0.0
False,True,False,False,False,1024,500,500,787500,262500,read,47736.5,378673.0,1095810.0,1301342.0
False,True,False,False,False,1024,500,500,787500,262500,write,15905.4,6528063.0,7760401.0,8252628.0
False,True,False,False,False,1024,500,500,787500,262500,read,45363.3,374513.0,1247643.0,2172282.0
False,True,False,False,False,1024,500,500,787500,262500,write,14531.1,6618303.0,8723313.0,55627249.0
False,True,False,False,False,1024,500,500,525000,525000,read,17893.7,1903140361.0,6491327280.0,7185287550.0
False,True,False,False,False,1024,500,500,525000,525000,write,17873.7,1909641165.0,6483299207.0,7864044093.0
False,True,False,False,False,1024,500,500,525000,525000,read,11858.7,1019257827.0,3458761317.0,3893976454.0
False,True,False,False,False,1024,500,500,525000,525000,write,11844.1,1045363058.0,3459205664.0,3911438479.0
False,True,False,False,False,1024,500,500,262500,787500,read,3836.36,2574206609.0,6641714790.0,7356751114.0
False,True,False,False,False,1024,500,500,262500,787500,write,11507.7,2585994148.0,6661167969.0,7369642314.0
False,True,False,False,False,1024,500,500,262500,787500,read,3679.54,2446321909.0,6478686504.0,7056774751.0
False,True,False,False,False,1024,500,500,262500,787500,write,11032.1,2465247126.0,6478234470.0,7058860648.0
False,True,False,False,False,1024,500,500,1125000,0,read,68889.3,137012.0,192809.0,205673.0
False,True,False,False,False,1024,500,500,1125000,0,write,0.0,0.0,0.0,0.0
False,True,False,False,False,1024,500,500,1125000,0,read,45964.7,152511.0,205555.0,240552.0
False,True,False,False,False,1024,500,500,1125000,0,write,0.0,0.0,0.0,0.0
False,True,False,False,False,1024,500,500,843750,281250,read,30332.2,583629.0,1408654.0,1623950.0
False,True,False,False,False,1024,500,500,843750,281250,write,10104.1,7125654.0,8517921.0,9252016.0
False,True,False,False,False,1024,500,500,843750,281250,read,25803.5,581836.0,1391534.0,1610717.0
False,True,False,False,False,1024,500,500,843750,281250,write,8591.25,7165842.0,8544759.0,9204489.0
False,True,False,False,False,1024,500,500,562500,562500,read,18435.0,730559819.0,4714079203.0,6181611726.0
False,True,False,False,False,1024,500,500,562500,562500,write,18273.9,767879823.0,4737687819.0,6190383816.0
False,True,False,False,False,1024,500,500,562500,562500,read,21286.6,667976990.0,2769159115.0,3927525811.0
False,True,False,False,False,1024,500,500,562500,562500,write,20232.2,739756878.0,2827380768.0,3949733706.0
False,True,False,False,False,1024,500,500,281250,843750,read,5211.53,2814836581.0,7409814534.0,8132939252.0
False,True,False,False,False,1024,500,500,281250,843750,write,15538.8,2804813264.0,7358149327.0,8080845212.0
False,True,False,False,False,1024,500,500,281250,843750,read,3710.5,2427409429.0,5934053600.0,6480456049.0
False,True,False,False,False,1024,500,500,281250,843750,write,11116.8,2449274411.0,5959059984.0,6481377630.0
False,True,False,False,False,1024,500,500,1200000,0,read,74039.3,150460.0,215580.0,258228.0
False,True,False,False,False,1024,500,500,1200000,0,write,0.0,0.0,0.0,0.0
False,True,False,False,False,1024,500,500,1200000,0,read,52544.5,157960.0,272362.0,324441.0
False,True,False,False,False,1024,500,500,1200000,0,write,0.0,0.0,0.0,0.0
False,True,False,False,False,1024,500,500,900000,300000,read,56248.9,591111.0,1461303.0,1684594.0
False,True,False,False,False,1024,500,500,900000,300000,write,18748.9,7231690.0,8649722.0,9487243.0
False,True,False,False,False,1024,500,500,900000,300000,read,56248.2,648862.0,1550113.0,1791816.0
False,True,False,False,False,1024,500,500,900000,300000,write,18748.7,7382144.0,8844610.0,9975250.0
False,True,False,False,False,1024,500,500,600000,600000,read,10185.4,1252319087.0,3489242346.0,3810324628.0
False,True,False,False,False,1024,500,500,600000,600000,write,10168.1,1255315012.0,3502967175.0,3832917730.0
False,True,False,False,False,1024,500,500,600000,600000,read,10685.9,1651716632.0,5021135338.0,5603967515.0
False,True,False,False,False,1024,500,500,600000,600000,write,10670.4,1654426328.0,5021422306.0,5614415357.0
False,True,False,False,False,1024,500,500,300000,900000,read,6456.35,1518946882.0,5193586745.0,6919234848.0
False,True,False,False,False,1024,500,500,300000,900000,write,18678.1,1613622931.0,5325200468.0,6936340939.0
False,True,False,False,False,1024,500,500,300000,900000,read,9766.65,1933132774.0,4282195964.0,4591318507.0
False,True,False,False,False,1024,500,500,300000,900000,write,29195.8,1949945302.0,4295309098.0,4599981916.0
False,False,True,True,True,1024,500,500,75000,0,read,291.69,57836.0,66532.0,73358.0
False,False,True,True,True,1024,500,500,75000,0,write,0.0,0.0,0.0,0.0
False,False,True,True,True,1024,500,500,75000,0,read,772.255,63682.0,71070.0,75543.0
False,False,True,True,True,1024,500,500,75000,0,write,0.0,0.0,0.0,0.0
False,False,True,True,True,1024,500,500,56250,18750,read,3515.53,76467.0,115890.0,125419.0
False,False,True,True,True,1024,500,500,56250,18750,write,1171.84,4084853.0,5338866.0,5505494.0
False,False,True,True,True,1024,500,500,56250,18750,read,3150.74,78966.0,95032.0,107558.0
False,False,True,True,True,1024,500,500,56250,18750,write,0.0,0.0,0.0,0.0
False,False,True,True,True,1024,500,500,37500,37500,read,2143.79,78151.0,127736.0,145763.0
False,False,True,True,True,1024,500,500,37500,37500,write,2142.23,4504397.0,5387691.0,5565544.0
False,False,True,True,True,1024,500,500,37500,37500,read,2142.92,76826.0,120112.0,131943.0
False,False,True,True,True,1024,500,500,37500,37500,write,2141.61,4513634.0,5398425.0,5601817.0
False,False,True,True,True,1024,500,500,18750,56250,read,1071.46,114082.0,142403.0,167371.0
False,False,True,True,True,1024,500,500,18750,56250,write,3212.38,4604397.0,5527538.0,5718097.0
False,False,True,True,True,1024,500,500,150000,0,read,9999.78,63856.0,67664.0,69256.0
False,False,True,True,True,1024,500,500,150000,0,write,0.0,0.0,0.0,0.0
False,False,True,True,True,1024,500,500,112500,37500,read,7029.72,70602.0,129226.0,208300.0
False,False,True,True,True,1024,500,500,112500,37500,write,2343.24,4504213.0,5398344.0,5585097.0
False,False,True,True,True,1024,500,500,75000,75000,read,4687.28,69860.0,119090.0,159576.0
False,False,True,True,True,1024,500,500,75000,75000,write,4687.34,4668514.0,5597523.0,5771136.0
False,False,True,True,True,1024,500,500,37500,112500,read,2343.61,86302.0,113766.0,160557.0
False,False,True,True,True,1024,500,500,37500,112500,write,7031.02,4876870.0,5808593.0,6006849.0
False,False,True,True,True,1024,500,500,225000,0,read,14999.8,59023.0,75387.0,93232.0
False,False,True,True,True,1024,500,500,225000,0,write,0.0,0.0,0.0,0.0
False,False,True,True,True,1024,500,500,168750,56250,read,10546.6,96240.0,136325.0,150285.0
False,False,True,True,True,1024,500,500,168750,56250,write,3515.57,4592256.0,5484965.0,5646698.0
False,False,True,True,True,1024,500,500,112500,112500,read,7030.94,92723.0,136826.0,204238.0
False,False,True,True,True,1024,500,500,112500,112500,write,7031.0,4944822.0,5880502.0,6077646.0
False,False,True,True,True,1024,500,500,56250,168750,read,3515.47,88355.0,200945.0,302359.0
False,False,True,True,True,1024,500,500,56250,168750,write,10546.5,5284345.0,6276712.0,6508235.0
False,False,True,True,True,1024,500,500,300000,0,read,19999.5,67727.0,100186.0,110341.0
False,False,True,True,True,1024,500,500,300000,0,write,0.0,0.0,0.0,0.0
False,False,True,True,True,1024,500,500,225000,75000,read,14062.1,107438.0,155061.0,184481.0
False,False,True,True,True,1024,500,500,225000,75000,write,4687.33,4717733.0,5636909.0,5813053.0
False,False,True,True,True,1024,500,500,150000,150000,read,9374.59,95361.0,238802.0,362643.0
False,False,True,True,True,1024,500,500,150000,150000,write,9374.65,5227018.0,6176732.0,6390092.0
False,False,True,True,True,1024,500,500,75000,225000,read,4687.23,95320.0,386829.0,583659.0
False,False,True,True,True,1024,500,500,75000,225000,write,14062.0,5749518.0,6761272.0,7088434.0
False,False,True,True,True,1024,500,500,375000,0,read,24999.3,85265.0,122891.0,135441.0
False,False,True,True,True,1024,500,500,375000,0,write,0.0,0.0,0.0,0.0
False,False,True,True,True,1024,500,500,281250,93750,read,17577.5,114368.0,180885.0,247854.0
False,False,True,True,True,1024,500,500,281250,93750,write,5859.16,4867393.0,5774770.0,5962822.0
False,False,True,True,True,1024,500,500,187500,187500,read,11718.2,109898.0,449786.0,642320.0
False,False,True,True,True,1024,500,500,187500,187500,write,11718.2,5538355.0,6483153.0,6737375.0
False,False,True,True,True,1024,500,500,93750,281250,read,5858.99,123223.0,853868.0,1158509.0
False,False,True,True,True,1024,500,500,93750,281250,write,17577.3,6338831.0,7365841.0,7981094.0
False,False,True,True,True,1024,500,500,450000,0,read,29999.5,94796.0,127054.0,140809.0
False,False,True,True,True,1024,500,500,450000,0,write,0.0,0.0,0.0,0.0
False,False,True,True,True,1024,500,500,337500,112500,read,21093.2,123967.0,232082.0,338744.0
False,False,True,True,True,1024,500,500,337500,112500,write,7031.01,5008188.0,5929852.0,6129974.0
False,False,True,True,True,1024,500,500,225000,225000,read,14061.9,147454.0,746002.0,987482.0
False,False,True,True,True,1024,500,500,225000,225000,write,14062.0,5902630.0,6853186.0,7163688.0
False,False,True,True,True,1024,500,500,112500,337500,read,7030.91,461579.0,1957035.0,2374810.0
False,False,True,True,True,1024,500,500,112500,337500,write,21092.7,7356705.0,8757109.0,10915667.0
False,False,True,True,True,1024,500,500,525000,0,read,34999.5,105582.0,138037.0,148895.0
False,False,True,True,True,1024,500,500,525000,0,write,0.0,0.0,0.0,0.0
False,False,True,True,True,1024,500,500,393750,131250,read,24608.5,135916.0,324843.0,465079.0
False,False,True,True,True,1024,500,500,393750,131250,write,8202.86,5146135.0,6054189.0,6263729.0
False,False,True,True,True,1024,500,500,262500,262500,read,16405.6,191581.0,1069846.0,1334343.0
False,False,True,True,True,1024,500,500,262500,262500,write,16405.6,6281394.0,7225927.0,7773173.0
False,False,True,True,True,1024,500,500,131250,393750,read,8202.38,2113796.0,4468328.0,5468751.0
False,False,True,True,True,1024,500,500,131250,393750,write,24607.2,9175033.0,12792906.0,14631924.0
False,False,True,True,True,1024,500,500,600000,0,read,39998.9,112621.0,151167.0,161718.0
False,False,True,True,True,1024,500,500,600000,0,write,0.0,0.0,0.0,0.0
False,False,True,True,True,1024,500,500,450000,150000,read,28124.2,156433.0,442477.0,612493.0
False,False,True,True,True,1024,500,500,450000,150000,write,9374.66,5333215.0,6234771.0,6447906.0
False,False,True,True,True,1024,500,500,300000,300000,read,18748.8,700346.0,1793456.0,2238081.0
False,False,True,True,True,1024,500,500,300000,300000,write,18748.9,6985641.0,8335849.0,9950771.0
False,False,True,True,True,1024,500,500,150000,450000,read,3746.07,2024094239.0,7942263807.0,9042133085.0
False,False,True,True,True,1024,500,500,150000,450000,write,11233.8,2028448211.0,7940029467.0,9058919612.0
False,False,True,True,True,1024,500,500,675000,0,read,44999.2,119650.0,154855.0,164860.0
False,False,True,True,True,1024,500,500,675000,0,write,0.0,0.0,0.0,0.0
False,False,True,True,True,1024,500,500,506250,168750,read,31630.0,164742.0,634787.0,833956.0
False,False,True,True,True,1024,500,500,506250,168750,write,10542.2,5536692.0,6498023.0,6761174.0
False,False,True,True,True,1024,500,500,337500,337500,read,12520.0,219535942.0,4878235405.0,6025451019.0
False,False,True,True,True,1024,500,500,337500,337500,write,12516.8,224754855.0,4893765407.0,6023067232.0
False,False,True,True,True,1024,500,500,168750,506250,read,3227.5,3016847916.0,9125073294.0,10276833452.0
False,False,True,True,True,1024,500,500,168750,506250,write,9680.01,3022410475.0,9117223153.0,10308624089.0
False,False,True,True,True,1024,500,500,750000,0,read,49998.8,123523.0,154529.0,162952.0
False,False,True,True,True,1024,500,500,750000,0,write,0.0,0.0,0.0,0.0
False,False,True,True,True,1024,500,500,562500,187500,read,35155.6,177107.0,699191.0,883009.0
False,False,True,True,True,1024,500,500,562500,187500,write,11718.3,5665425.0,6629917.0,6883809.0
False,False,True,True,True,1024,500,500,375000,375000,read,8924.44,2529373314.0,8378018242.0,9367121362.0
False,False,True,True,True,1024,500,500,375000,375000,write,8916.03,2535305483.0,8384866368.0,9357619849.0
False,False,True,True,True,1024,500,500,187500,562500,read,3416.55,3423148885.0,9470310656.0,10510610533.0
False,False,True,True,True,1024,500,500,187500,562500,write,10248.6,3434591609.0,9475722363.0,10512389673.0
False,False,True,True,True,1024,500,500,825000,0,read,55001.2,124077.0,158441.0,163593.0
False,False,True,True,True,1024,500,500,825000,0,write,0.0,0.0,0.0,0.0
False,False,True,True,True,1024,500,500,618750,206250,read,38670.6,220707.0,853336.0,1050750.0
False,False,True,True,True,1024,500,500,618750,206250,write,12890.1,5807056.0,6769908.0,7047093.0
False,False,True,True,True,1024,500,500,412500,412500,read,9086.62,3173995548.0,9014192649.0,9880407450.0
False,False,True,True,True,1024,500,500,412500,412500,write,9078.46,3180220579.0,9003255877.0,9875381847.0
False,False,True,True,True,1024,500,500,206250,618750,read,3159.66,3531786134.0,10152200947.0,11265926145.0
False,False,True,True,True,1024,500,500,206250,618750,write,9471.74,3533822285.0,10159449345.0,11256094163.0
False,False,True,True,True,1024,500,500,900000,0,read,60000.9,128714.0,169305.0,177711.0
False,False,True,True,True,1024,500,500,900000,0,write,0.0,0.0,0.0,0.0
False,False,True,True,True,1024,500,500,675000,225000,read,42186.1,323950.0,1026174.0,1248914.0
False,False,True,True,True,1024,500,500,675000,225000,write,14062.1,6034102.0,7039238.0,7385883.0
False,False,True,True,True,1024,500,500,450000,450000,read,8796.87,3495972449.0,9611348939.0,10499669812.0
False,False,True,True,True,1024,500,500,450000,450000,write,8795.19,3503209028.0,9625012045.0,10496308055.0
False,False,True,True,True,1024,500,500,225000,675000,read,3266.48,3971429467.0,10454988247.0,11502149124.0
False,False,True,True,True,1024,500,500,225000,675000,write,9792.9,3971604344.0,10463440861.0,11517471842.0
False,False,True,True,True,1024,500,500,975000,0,read,65000.6,122205.0,165604.0,172278.0
False,False,True,True,True,1024,500,500,975000,0,write,0.0,0.0,0.0,0.0
False,False,True,True,True,1024,500,500,731250,243750,read,45702.7,523490.0,1295902.0,1565721.0
False,False,True,True,True,1024,500,500,731250,243750,write,15233.8,6365775.0,7495623.0,8024442.0
False,False,True,True,True,1024,500,500,487500,487500,read,8900.45,3608756689.0,9716128065.0,10725910124.0
False,False,True,True,True,1024,500,500,487500,487500,write,8897.71,3615372679.0,9758734037.0,10732433640.0
False,False,True,True,True,1024,500,500,243750,731250,read,3401.49,4168123880.0,10767568918.0,11787764988.0
False,False,True,True,True,1024,500,500,243750,731250,write,10199.6,4185810750.0,10767871335.0,11775644330.0
False,False,True,True,True,1024,500,500,1050000,0,read,70001.6,127945.0,169499.0,178474.0
False,False,True,True,True,1024,500,500,1050000,0,write,0.0,0.0,0.0,0.0
False,False,True,True,True,1024,500,500,787500,262500,read,29833.1,908534557.0,5359477489.0,6175890740.0
False,False,True,True,True,1024,500,500,787500,262500,write,9941.19,916031703.0,5368048906.0,6185758842.0
False,False,True,True,True,1024,500,500,525000,525000,read,8344.87,3862226984.0,10159119279.0,11279491755.0
False,False,True,True,True,1024,500,500,525000,525000,write,8337.39,3861820106.0,10166262872.0,11266138701.0
False,False,True,True,True,1024,500,500,262500,787500,read,3226.05,4200989559.0,11047463614.0,12141722353.0
False,False,True,True,True,1024,500,500,262500,787500,write,9664.72,4200748589.0,11040532410.0,12104941397.0
False,False,True,True,True,1024,500,500,1125000,0,read,74999.7,135951.0,182851.0,195153.0
False,False,True,True,True,1024,500,500,1125000,0,write,0.0,0.0,0.0,0.0
False,False,True,True,True,1024,500,500,843750,281250,read,28543.8,1720744542.0,6463814022.0,7918122073.0
False,False,True,True,True,1024,500,500,843750,281250,write,9506.52,1727077069.0,6460753723.0,7238547229.0
False,False,True,True,True,1024,500,500,562500,562500,read,8636.49,4140922148.0,10439187591.0,11405351577.0
False,False,True,True,True,1024,500,500,562500,562500,write,8635.43,4163303232.0,10438305232.0,11413151860.0
False,False,True,True,True,1024,500,500,281250,843750,read,3263.26,4295566179.0,11390256967.0,12330545898.0
False,False,True,True,True,1024,500,500,281250,843750,write,9788.22,4296564276.0,11382637698.0,13240772693.0
False,False,True,True,True,1024,500,500,1200000,0,read,79997.4,138668.0,190534.0,203322.0
False,False,True,True,True,1024,500,500,1200000,0,write,0.0,0.0,0.0,0.0
False,False,True,True,True,1024,500,500,900000,300000,read,27143.6,2196725465.0,7279129028.0,8071563078.0
False,False,True,True,True,1024,500,500,900000,300000,write,9040.27,2200910199.0,7268608792.0,8066272105.0
False,False,True,True,True,1024,500,500,600000,600000,read,8290.99,4213407130.0,10756843509.0,11801511633.0
False,False,True,True,True,1024,500,500,600000,600000,write,8285.01,4218273255.0,10750352505.0,11797965105.0
False,False,True,True,True,1024,500,500,300000,900000,read,3217.78,4368845910.0,11368296398.0,12433996597.0
False,False,True,True,True,1024,500,500,300000,900000,write,9651.71,4371799488.0,11371596455.0,12437416453.0
False,False,False,False,False,1024,500,500,75000,0,read,4999.83,58240.0,62597.0,64486.0
False,False,False,False,False,1024,500,500,75000,0,write,0.0,0.0,0.0,0.0
False,False,False,False,False,1024,500,500,56250,18750,read,3515.45,66545.0,100398.0,107309.0
False,False,False,False,False,1024,500,500,56250,18750,write,1171.84,4063020.0,5317076.0,5475529.0
False,False,False,False,False,1024,500,500,37500,37500,read,2343.61,92160.0,108714.0,118671.0
False,False,False,False,False,1024,500,500,37500,37500,write,2343.67,4451639.0,5324715.0,5472091.0
False,False,False,False,False,1024,500,500,18750,56250,read,1171.77,90979.0,106304.0,122163.0
False,False,False,False,False,1024,500,500,18750,56250,write,3515.5,4542602.0,5421599.0,5584829.0
False,False,False,False,False,1024,500,500,150000,0,read,9999.7,58630.0,62593.0,64333.0
False,False,False,False,False,1024,500,500,150000,0,write,0.0,0.0,0.0,0.0
False,False,False,False,False,1024,500,500,112500,37500,read,7030.96,63333.0,101269.0,107038.0
False,False,False,False,False,1024,500,500,112500,37500,write,2343.68,4426922.0,5302879.0,5460309.0
False,False,False,False,False,1024,500,500,75000,75000,read,4687.29,87746.0,109108.0,133398.0
False,False,False,False,False,1024,500,500,75000,75000,write,4687.35,4645396.0,5551539.0,5732887.0
False,False,False,False,False,1024,500,500,37500,112500,read,2343.61,95500.0,115993.0,159451.0
False,False,False,False,False,1024,500,500,37500,112500,write,7031.02,4864844.0,5786641.0,5980452.0
False,False,False,False,False,1024,500,500,225000,0,read,14999.8,73341.0,106187.0,116250.0
False,False,False,False,False,1024,500,500,225000,0,write,0.0,0.0,0.0,0.0
False,False,False,False,False,1024,500,500,168750,56250,read,10546.6,68076.0,115883.0,132077.0
False,False,False,False,False,1024,500,500,168750,56250,write,3515.57,4564649.0,5464153.0,5619931.0
False,False,False,False,False,1024,500,500,112500,112500,read,7030.95,91686.0,136482.0,184777.0
False,False,False,False,False,1024,500,500,112500,112500,write,7031.01,4907289.0,5847917.0,6037696.0
False,False,False,False,False,1024,500,500,56250,168750,read,3515.54,91152.0,162837.0,259678.0
False,False,False,False,False,1024,500,500,56250,168750,write,10546.6,5267118.0,6251235.0,6494360.0
False,False,False,False,False,1024,500,500,300000,0,read,19999.5,67331.0,99909.0,107367.0
False,False,False,False,False,1024,500,500,300000,0,write,0.0,0.0,0.0,0.0
False,False,False,False,False,1024,500,500,225000,75000,read,14062.2,105206.0,145247.0,172568.0
False,False,False,False,False,1024,500,500,225000,75000,write,4687.34,4694528.0,5604328.0,5784011.0
False,False,False,False,False,1024,500,500,150000,150000,read,9374.64,94942.0,199119.0,307080.0
False,False,False,False,False,1024,500,500,150000,150000,write,9374.64,5162070.0,6104951.0,6326769.0
False,False,False,False,False,1024,500,500,75000,225000,read,4687.3,93918.0,374651.0,566080.0
False,False,False,False,False,1024,500,500,75000,225000,write,14062.0,5715266.0,6742218.0,7050998.0
False,False,False,False,False,1024,500,500,375000,0,read,24998.7,80552.0,118456.0,132689.0
False,False,False,False,False,1024,500,500,375000,0,write,0.0,0.0,0.0,0.0
False,False,False,False,False,1024,500,500,281250,93750,read,17577.6,109578.0,172771.0,223642.0
False,False,False,False,False,1024,500,500,281250,93750,write,5859.18,4828857.0,5731080.0,5927934.0
False,False,False,False,False,1024,500,500,187500,187500,read,11718.2,109700.0,378294.0,547271.0
False,False,False,False,False,1024,500,500,187500,187500,write,11718.2,5484129.0,6427982.0,6667950.0
False,False,False,False,False,1024,500,500,93750,281250,read,5859.08,120722.0,855097.0,1154836.0
False,False,False,False,False,1024,500,500,93750,281250,write,17577.4,6336429.0,7379598.0,7989419.0
False,False,False,False,False,1024,500,500,450000,0,read,29999.6,88211.0,130978.0,141760.0
False,False,False,False,False,1024,500,500,450000,0,write,0.0,0.0,0.0,0.0
False,False,False,False,False,1024,500,500,337500,112500,read,21093.1,120037.0,221742.0,324238.0
False,False,False,False,False,1024,500,500,337500,112500,write,7031.07,5003710.0,5909180.0,6108829.0
False,False,False,False,False,1024,500,500,225000,225000,read,14061.9,137931.0,614139.0,829747.0
False,False,False,False,False,1024,500,500,225000,225000,write,14062.0,5847007.0,6769131.0,7071141.0
False,False,False,False,False,1024,500,500,112500,337500,read,7030.83,242702.0,1463464.0,1854141.0
False,False,False,False,False,1024,500,500,112500,337500,write,21092.5,7035160.0,8208587.0,10491254.0
False,False,False,False,False,1024,500,500,525000,0,read,34999.6,102813.0,133829.0,144114.0
False,False,False,False,False,1024,500,500,525000,0,write,0.0,0.0,0.0,0.0
False,False,False,False,False,1024,500,500,393750,131250,read,24608.6,138433.0,285688.0,407788.0
False,False,False,False,False,1024,500,500,393750,131250,write,8202.89,5132292.0,6012341.0,6216239.0
False,False,False,False,False,1024,500,500,262500,262500,read,16405.6,171789.0,871267.0,1091398.0
False,False,False,False,False,1024,500,500,262500,262500,write,16405.6,6239328.0,7182373.0,7655245.0
False,False,False,False,False,1024,500,500,131250,393750,read,8202.52,921727.0,2415687.0,3015639.0
False,False,False,False,False,1024,500,500,131250,393750,write,24607.6,8185553.0,11095941.0,14149475.0
False,False,False,False,False,1024,500,500,600000,0,read,39998.1,116007.0,156600.0,162522.0
False,False,False,False,False,1024,500,500,600000,0,write,0.0,0.0,0.0,0.0
False,False,False,False,False,1024,500,500,450000,150000,read,28124.0,157687.0,398408.0,544642.0
False,False,False,False,False,1024,500,500,450000,150000,write,9374.62,5330123.0,6238259.0,6454805.0
False,False,False,False,False,1024,500,500,300000,300000,read,18749.0,234164.0,1102799.0,1322610.0
False,False,False,False,False,1024,500,500,300000,300000,write,18749.0,6655251.0,7673941.0,8604623.0
False,False,False,False,False,1024,500,500,150000,450000,read,9374.3,1233976.0,2936685.0,4123939.0
False,False,False,False,False,1024,500,500,150000,450000,write,28123.1,9122408.0,13182837.0,15756768.0
False,False,False,False,False,1024,500,500,675000,0,read,44998.9,117727.0,154815.0,163540.0
False,False,False,False,False,1024,500,500,675000,0,write,0.0,0.0,0.0,0.0
False,False,False,False,False,1024,500,500,506250,168750,read,31639.9,158254.0,456311.0,605646.0
False,False,False,False,False,1024,500,500,506250,168750,write,10546.5,5441025.0,6354994.0,6589798.0
False,False,False,False,False,1024,500,500,337500,337500,read,21092.6,366980.0,1358331.0,1622759.0
False,False,False,False,False,1024,500,500,337500,337500,write,21092.7,7128598.0,8428302.0,10502615.0
False,False,False,False,False,1024,500,500,168750,506250,read,10545.5,4891675.0,10530381.0,12119912.0
False,False,False,False,False,1024,500,500,168750,506250,write,31637.0,16490115.0,21992457.0,23836400.0
False,False,False,False,False,1024,500,500,750000,0,read,49998.5,125043.0,155133.0,163223.0
False,False,False,False,False,1024,500,500,750000,0,write,0.0,0.0,0.0,0.0
False,False,False,False,False,1024,500,500,562500,187500,read,35155.6,167283.0,535957.0,682642.0
False,False,False,False,False,1024,500,500,562500,187500,write,11718.3,5595523.0,6475154.0,6707431.0
False,False,False,False,False,1024,500,500,375000,375000,read,23435.9,613745.0,1893602.0,2292744.0
False,False,False,False,False,1024,500,500,375000,375000,write,23436.0,7897392.0,9923416.0,12691431.0
False,False,False,False,False,1024,500,500,187500,562500,read,7767.39,411069619.0,4200604071.0,5120449106.0
False,False,False,False,False,1024,500,500,187500,562500,write,23283.3,422581513.0,4203990025.0,5120289952.0
False,False,False,False,False,1024,500,500,825000,0,read,55000.9,125785.0,163992.0,173986.0
False,False,False,False,False,1024,500,500,825000,0,write,0.0,0.0,0.0,0.0
False,False,False,False,False,1024,500,500,618750,206250,read,38670.7,189674.0,647240.0,799673.0
False,False,False,False,False,1024,500,500,618750,206250,write,12890.1,5780586.0,6730977.0,7037092.0
False,False,False,False,False,1024,500,500,412500,412500,read,25779.7,888902.0,2361234.0,2973794.0
False,False,False,False,False,1024,500,500,412500,412500,write,25779.7,8626514.0,11620258.0,14429364.0
False,False,False,False,False,1024,500,500,206250,618750,read,6407.44,2073997729.0,6923679503.0,7770668985.0
False,False,False,False,False,1024,500,500,206250,618750,write,19208.1,2080933968.0,6943167200.0,7802929517.0
False,False,False,False,False,1024,500,500,900000,0,read,60000.8,126832.0,164895.0,174203.0
False,False,False,False,False,1024,500,500,900000,0,write,0.0,0.0,0.0,0.0
False,False,False,False,False,1024,500,500,675000,225000,read,42185.8,213354.0,776364.0,947172.0
False,False,False,False,False,1024,500,500,675000,225000,write,14062.0,6031628.0,7043050.0,7394914.0
False,False,False,False,False,1024,500,500,450000,450000,read,28122.6,1596439.0,4228786.0,5706735.0
False,False,False,False,False,1024,500,500,450000,450000,write,28122.6,10079492.0,14883765.0,16642814.0
False,False,False,False,False,1024,500,500,225000,675000,read,6361.12,2612080791.0,7520914983.0,8389056867.0
False,False,False,False,False,1024,500,500,225000,675000,write,19083.1,2622556646.0,7535084102.0,8409937634.0
False,False,False,False,False,1024,500,500,975000,0,read,65000.7,129356.0,170621.0,179655.0
False,False,False,False,False,1024,500,500,975000,0,write,0.0,0.0,0.0,0.0
False,False,False,False,False,1024,500,500,731250,243750,read,45702.4,255683.0,859695.0,1040640.0
False,False,False,False,False,1024,500,500,731250,243750,write,15233.7,6201719.0,7261771.0,7678692.0
False,False,False,False,False,1024,500,500,487500,487500,read,25219.2,50125059.0,2334674442.0,3020951085.0
False,False,False,False,False,1024,500,500,487500,487500,write,25217.7,62058623.0,2352632513.0,3040491885.0
False,False,False,False,False,1024,500,500,243750,731250,read,5397.43,3044423189.0,8801503628.0,9903012119.0
False,False,False,False,False,1024,500,500,243750,731250,write,16182.3,3045533460.0,8824487885.0,9919396268.0
False,False,False,False,False,1024,500,500,1050000,0,read,70001.3,132870.0,176763.0,186798.0
False,False,False,False,False,1024,500,500,1050000,0,write,0.0,0.0,0.0,0.0
False,False,False,False,False,1024,500,500,787500,262500,read,49217.4,324236.0,997077.0,1196716.0
False,False,False,False,False,1024,500,500,787500,262500,write,16405.5,6430465.0,7614498.0,8171693.0
False,False,False,False,False,1024,500,500,525000,525000,read,18418.9,1420304027.0,6016026280.0,6853758909.0
False,False,False,False,False,1024,500,500,525000,525000,write,18408.8,1428127525.0,6037203602.0,6868565447.0
False,False,False,False,False,1024,500,500,262500,787500,read,5552.27,2991639971.0,9244089548.0,10962389631.0
False,False,False,False,False,1024,500,500,262500,787500,write,16623.2,2994126578.0,9205400069.0,10968867874.0
False,False,False,False,False,1024,500,500,1125000,0,read,74999.7,126801.0,174218.0,183317.0
False,False,False,False,False,1024,500,500,1125000,0,write,0.0,0.0,0.0,0.0
False,False,False,False,False,1024,500,500,843750,281250,read,52733.6,418860.0,1192807.0,1409401.0
False,False,False,False,False,1024,500,500,843750,281250,write,17577.3,6723896.0,8024404.0,8669510.0
False,False,False,False,False,1024,500,500,562500,562500,read,17785.4,1875389054.0,6626100885.0,7579868305.0
False,False,False,False,False,1024,500,500,562500,562500,write,17736.9,1877440187.0,6617751580.0,7572241037.0
False,False,False,False,False,1024,500,500,281250,843750,read,5734.22,3349607281.0,8973624548.0,9957590363.0
False,False,False,False,False,1024,500,500,281250,843750,write,17188.7,3354814051.0,8964148050.0,9971769735.0
False,False,False,False,False,1024,500,500,1200000,0,read,79996.6,132601.0,181091.0,192922.0
False,False,False,False,False,1024,500,500,1200000,0,write,0.0,0.0,0.0,0.0
False,False,False,False,False,1024,500,500,900000,300000,read,56248.6,514308.0,1336980.0,1561562.0
False,False,False,False,False,1024,500,500,900000,300000,write,18748.8,7038736.0,8434915.0,9215571.0
False,False,False,False,False,1024,500,500,600000,600000,read,17573.8,2462388851.0,7464144346.0,9030337414.0
False,False,False,False,False,1024,500,500,600000,600000,write,17523.0,2470239801.0,7450822686.0,9041734816.0
False,False,False,False,False,1024,500,500,300000,900000,read,5771.59,3676847142.0,9377155610.0,10348729667.0
False,False,False,False,False,1024,500,500,300000,900000,write,17292.5,3693736689.0,9388708552.0,10346668179.0
True,False,False,False,False,1024,500,500,75000,0,read,4999.82,214572.0,266431.0,268380.0
True,False,False,False,False,1024,500,500,75000,0,write,0.0,0.0,0.0,0.0
True,False,False,False,False,1024,500,500,56250,18750,read,3515.51,4324857.0,6015469.0,6889411.0
True,False,False,False,False,1024,500,500,56250,18750,write,1171.84,5061933.0,6637782.0,7433102.0
True,False,False,False,False,1024,500,500,37500,37500,read,2343.54,4133125.0,5427219.0,5667628.0
True,False,False,False,False,1024,500,500,37500,37500,write,2343.61,4623805.0,5508902.0,5687200.0
True,False,False,False,False,1024,500,500,18750,56250,read,1171.77,4226352.0,5478400.0,5764246.0
True,False,False,False,False,1024,500,500,18750,56250,write,3515.5,4645647.0,5558756.0,5743547.0
True,False,False,False,False,1024,500,500,150000,0,read,9999.59,240982.0,342602.0,360056.0
True,False,False,False,False,1024,500,500,150000,0,write,0.0,0.0,0.0,0.0
True,False,False,False,False,1024,500,500,112500,37500,read,4241.5,3441729615.0,6248255752.0,7078852940.0
True,False,False,False,False,1024,500,500,112500,37500,write,1413.83,3442636065.0,6248416740.0,7077959588.0
True,False,False,False,False,1024,500,500,75000,75000,read,3470.14,2435894765.0,4396551880.0,5027831921.0
True,False,False,False,False,1024,500,500,75000,75000,write,3470.08,2436611759.0,4397130337.0,5029396433.0
True,False,False,False,False,1024,500,500,37500,112500,read,2343.6,4722428.0,6246985.0,6731453.0
True,False,False,False,False,1024,500,500,37500,112500,write,7030.98,5194131.0,6228024.0,6703648.0
True,False,False,False,False,1024,500,500,225000,0,read,14999.0,297679.0,422893.0,31801193.0
True,False,False,False,False,1024,500,500,225000,0,write,0.0,0.0,0.0,0.0
True,False,False,False,False,1024,500,500,168750,56250,read,4201.55,4941441526.0,8982354995.0,10096733921.0
True,False,False,False,False,1024,500,500,168750,56250,write,1400.52,4942188973.0,8982226213.0,10097864944.0
True,False,False,False,False,1024,500,500,112500,112500,read,3420.86,4335485095.0,7833847676.0,8803031121.0
True,False,False,False,False,1024,500,500,112500,112500,write,3420.79,4335488060.0,7834082321.0,8804045766.0
True,False,False,False,False,1024,500,500,56250,168750,read,2889.8,1490621144.0,3179537287.0,3782887268.0
True,False,False,False,False,1024,500,500,56250,168750,write,8668.91,1491119044.0,3178634730.0,3782904179.0
True,False,False,False,False,1024,500,500,300000,0,read,19997.0,378627.0,532702.0,914658.0
True,False,False,False,False,1024,500,500,300000,0,write,0.0,0.0,0.0,0.0
True,False,False,False,False,1024,500,500,225000,75000,read,4203.27,5682817111.0,10322777795.0,11573302004.0
True,False,False,False,False,1024,500,500,225000,75000,write,1401.11,5684062880.0,10322765291.0,11573784894.0
True,False,False,False,False,1024,500,500,150000,150000,read,3430.78,5202820403.0,9458887816.0,10587011601.0
True,False,False,False,False,1024,500,500,150000,150000,write,3430.71,5202943175.0,9459642530.0,10587216219.0
True,False,False,False,False,1024,500,500,75000,225000,read,2682.85,3295558438.0,6528293435.0,7496441944.0
True,False,False,False,False,1024,500,500,75000,225000,write,8050.37,3297309489.0,6530525253.0,7496566454.0
True,False,False,False,False,1024,500,500,375000,0,read,24995.0,430788.0,25481327.0,139254863.0
True,False,False,False,False,1024,500,500,375000,0,write,0.0,0.0,0.0,0.0
True,False,False,False,False,1024,500,500,281250,93750,read,4190.34,6164816779.0,11170351625.0,12474265357.0
True,False,False,False,False,1024,500,500,281250,93750,write,1396.76,6166080853.0,11171913087.0,12474530721.0
True,False,False,False,False,1024,500,500,187500,187500,read,3384.43,5753912795.0,10490932823.0,11733279850.0
True,False,False,False,False,1024,500,500,187500,187500,write,3384.37,5754030570.0,10490844274.0,11733749005.0
True,False,False,False,False,1024,500,500,93750,281250,read,2650.16,4089991041.0,8103228225.0,9278054221.0
True,False,False,False,False,1024,500,500,93750,281250,write,7950.04,4090079781.0,8103349454.0,9277922895.0
True,False,False,False,False,1024,500,500,450000,0,read,29998.9,525489.0,761340.0,858754.0
True,False,False,False,False,1024,500,500,450000,0,write,0.0,0.0,0.0,0.0
True,False,False,False,False,1024,500,500,337500,112500,read,4215.65,6473049592.0,11680668719.0,13048329331.0
True,False,False,False,False,1024,500,500,337500,112500,write,1405.2,6473146253.0,11681523280.0,13048253466.0
True,False,False,False,False,1024,500,500,225000,225000,read,3382.72,6101165392.0,11066248969.0,12439180524.0
True,False,False,False,False,1024,500,500,225000,225000,write,3382.72,6101443917.0,11064828890.0,12439153423.0
True,False,False,False,False,1024,500,500,112500,337500,read,2655.25,4596733282.0,9117289665.0,10388933676.0
True,False,False,False,False,1024,500,500,112500,337500,write,7966.13,4596462248.0,9119976900.0,10388975307.0
True,False,False,False,False,1024,500,500,525000,0,read,32368.7,1042709119.0,1122642635.0,1123904436.0
True,False,False,False,False,1024,500,500,525000,0,write,0.0,0.0,0.0,0.0
True,False,False,False,False,1024,500,500,393750,131250,read,4201.82,6702945618.0,12130297967.0,13486768184.0
True,False,False,False,False,1024,500,500,393750,131250,write,1400.63,6704703891.0,12133538059.0,13487208582.0
True,False,False,False,False,1024,500,500,262500,262500,read,3384.15,6290616682.0,11573738661.0,12955218156.0
True,False,False,False,False,1024,500,500,262500,262500,write,3384.15,6290948328.0,11575028598.0,12955176557.0
True,False,False,False,False,1024,500,500,131250,393750,read,2567.58,4981703043.0,9995422582.0,11359013270.0
True,False,False,False,False,1024,500,500,131250,393750,write,7701.86,4980915581.0,9993785343.0,11359615272.0
True,False,False,False,False,1024,500,500,600000,0,read,33923.8,1381945936.0,2094534578.0,2182242650.0
True,False,False,False,False,1024,500,500,600000,0,write,0.0,0.0,0.0,0.0
True,False,False,False,False,1024,500,500,450000,150000,read,4224.65,6833598778.0,12370663877.0,13785448034.0
True,False,False,False,False,1024,500,500,450000,150000,write,1408.11,6833403913.0,12369943111.0,13785640169.0
True,False,False,False,False,1024,500,500,300000,300000,read,3370.38,6589162486.0,11966123757.0,13351954457.0
True,False,False,False,False,1024,500,500,300000,300000,write,3370.38,6589135110.0,11965956812.0,13352023280.0
True,False,False,False,False,1024,500,500,150000,450000,read,2542.02,4978646323.0,10394217382.0,11963293166.0
True,False,False,False,False,1024,500,500,150000,450000,write,7625.89,4978429914.0,10392070805.0,11963241242.0
True,False,False,False,False,1024,500,500,675000,0,read,32975.9,2364196889.0,3675193837.0,3840588534.0
True,False,False,False,False,1024,500,500,675000,0,write,0.0,0.0,0.0,0.0
True,False,False,False,False,1024,500,500,506250,168750,read,4209.38,6925226479.0,12623219139.0,14041512666.0
True,False,False,False,False,1024,500,500,506250,168750,write,1403.15,6926983033.0,12623120077.0,14041688968.0
True,False,False,False,False,1024,500,500,337500,337500,read,3401.19,6693603717.0,12205507864.0,13624033604.0
True,False,False,False,False,1024,500,500,337500,337500,write,3401.19,6693495771.0,12205572411.0,13624393169.0
True,False,False,False,False,1024,500,500,168750,506250,read,2541.13,5224183730.0,10714723644.0,12407890448.0
True,False,False,False,False,1024,500,500,168750,506250,write,7623.56,5224136531.0,10719194585.0,12407792633.0
True,False,False,False,False,1024,500,500,750000,0,read,34137.8,2262759034.0,4057247506.0,4277601315.0
True,False,False,False,False,1024,500,500,750000,0,write,0.0,0.0,0.0,0.0
True,False,False,False,False,1024,500,500,562500,187500,read,4214.68,7096482992.0,12810576197.0,14237655685.0
True,False,False,False,False,1024,500,500,562500,187500,write,1404.77,7096370103.0,12810482301.0,14237937774.0
True,False,False,False,False,1024,500,500,375000,375000,read,3387.52,6923804160.0,12436666378.0,13871773618.0
True,False,False,False,False,1024,500,500,375000,375000,write,3387.52,6923756970.0,12436007737.0,13871962144.0
True,False,False,False,False,1024,500,500,187500,562500,read,2648.98,5594837380.0,11110380684.0,12638594582.0
True,False,False,False,False,1024,500,500,187500,562500,write,7948.74,5597160405.0,11111027034.0,12638194251.0
True,False,False,False,False,1024,500,500,825000,0,read,34917.1,2747605156.0,4931832648.0,5205773602.0
True,False,False,False,False,1024,500,500,825000,0,write,0.0,0.0,0.0,0.0
True,False,False,False,False,1024,500,500,618750,206250,read,4174.32,7176783108.0,13017769442.0,14413737003.0
True,False,False,False,False,1024,500,500,618750,206250,write,1391.54,7177883151.0,13018047465.0,14413730931.0
True,False,False,False,False,1024,500,500,412500,412500,read,3441.69,6901355321.0,12588282004.0,14033882340.0
True,False,False,False,False,1024,500,500,412500,412500,write,3441.69,6901353623.0,12589139649.0,14033934350.0
True,False,False,False,False,1024,500,500,206250,618750,read,2637.78,5852467188.0,11455424845.0,12970625543.0
True,False,False,False,False,1024,500,500,206250,618750,write,7915.77,5856218897.0,11460206546.0,12969800739.0
True,False,False,False,False,1024,500,500,900000,0,read,33879.1,3285561479.0,5883977459.0,6207636886.0
True,False,False,False,False,1024,500,500,900000,0,write,0.0,0.0,0.0,0.0
True,False,False,False,False,1024,500,500,675000,225000,read,4181.31,7205549784.0,13063347865.0,14544621006.0
True,False,False,False,False,1024,500,500,675000,225000,write,1393.81,7205454813.0,13063389970.0,14544530148.0
True,False,False,False,False,1024,500,500,450000,450000,read,3411.86,7084545188.0,12785650119.0,14219481777.0
True,False,False,False,False,1024,500,500,450000,450000,write,3411.86,7084425340.0,12785580124.0,14219484376.0
True,False,False,False,False,1024,500,500,225000,675000,read,2642.63,5907559537.0,11708726064.0,13218595818.0
True,False,False,False,False,1024,500,500,225000,675000,write,7927.77,5907447060.0,11708334612.0,13218490830.0
True,False,False,False,False,1024,500,500,975000,0,read,35056.1,3457720189.0,6222531157.0,6567342565.0
True,False,False,False,False,1024,500,500,975000,0,write,0.0,0.0,0.0,0.0
True,False,False,False,False,1024,500,500,731250,243750,read,4200.9,7306996502.0,13138958073.0,14649307704.0
True,False,False,False,False,1024,500,500,731250,243750,write,1400.28,7307241930.0,13139688005.0,14649293541.0
True,False,False,False,False,1024,500,500,487500,487500,read,3437.88,7077787318.0,12864486792.0,14341543040.0
True,False,False,False,False,1024,500,500,487500,487500,write,3437.94,7079326909.0,12868131851.0,14341702533.0
True,False,False,False,False,1024,500,500,243750,731250,read,2615.71,5988247090.0,11798054861.0,13457289242.0
True,False,False,False,False,1024,500,500,243750,731250,write,7845.52,5989329353.0,11794022355.0,13457532003.0
True,False,False,False,False,1024,500,500,1050000,0,read,34337.4,3839062352.0,6876016252.0,7261246766.0
True,False,False,False,False,1024,500,500,1050000,0,write,0.0,0.0,0.0,0.0
True,False,False,False,False,1024,500,500,787500,262500,read,4199.67,7356673276.0,13256183734.0,14747512593.0
True,False,False,False,False,1024,500,500,787500,262500,write,1399.91,7353960824.0,13256188559.0,14747582095.0
True,False,False,False,False,1024,500,500,525000,525000,read,3407.91,7123257503.0,12998447862.0,14473334370.0
True,False,False,False,False,1024,500,500,525000,525000,write,3407.91,7123242954.0,12998492852.0,14473398765.0
True,False,False,False,False,1024,500,500,262500,787500,read,2594.21,6138639794.0,12109099997.0,13661305519.0
True,False,False,False,False,1024,500,500,262500,787500,write,7782.69,6139083112.0,12110370417.0,13661327033.0
True,False,False,False,False,1024,500,500,1125000,0,read,34653.8,4051672837.0,7265582123.0,7667205543.0
True,False,False,False,False,1024,500,500,1125000,0,write,0.0,0.0,0.0,0.0
True,False,False,False,False,1024,500,500,843750,281250,read,4212.48,7376049918.0,13339045094.0,14828680922.0
True,False,False,False,False,1024,500,500,843750,281250,write,1404.12,7375922318.0,13340335351.0,14828866746.0
True,False,False,False,False,1024,500,500,562500,562500,read,3396.92,7217129422.0,13087536888.0,14580407753.0
True,False,False,False,False,1024,500,500,562500,562500,write,3396.92,7217132443.0,13087426756.0,14580440297.0
True,False,False,False,False,1024,500,500,281250,843750,read,2552.52,6248418932.0,12272221916.0,13858758981.0
True,False,False,False,False,1024,500,500,281250,843750,write,7657.0,6247225310.0,12270129206.0,13858810654.0
True,False,False,False,False,1024,500,500,1200000,0,read,33161.7,4412013221.0,7910439626.0,8346723194.0
True,False,False,False,False,1024,500,500,1200000,0,write,0.0,0.0,0.0,0.0
True,False,False,False,False,1024,500,500,900000,300000,read,4194.86,7440288113.0,13397464358.0,14906737976.0
True,False,False,False,False,1024,500,500,900000,300000,write,1398.23,7440275599.0,13398377974.0,14906867993.0
True,False,False,False,False,1024,500,500,600000,600000,read,3397.5,7232847677.0,13163885640.0,14672175016.0
True,False,False,False,False,1024,500,500,600000,600000,write,3397.5,7233682721.0,13165977865.0,14672331873.0
True,False,False,False,False,1024,500,500,300000,900000,read,2540.92,6109544556.0,12406015107.0,14005136269.0
True,False,False,False,False,1024,500,500,300000,900000,write,7622.94,6110173673.0,12404381409.0,14004879825.0
False,True,False,False,False,1024,500,500,75000,0,read,4999.83,57922.0,62122.0,64033.0
False,True,False,False,False,1024,500,500,75000,0,write,0.0,0.0,0.0,0.0
False,True,False,False,False,1024,500,500,56250,18750,read,3515.45,63825.0,96301.0,103115.0
False,True,False,False,False,1024,500,500,56250,18750,write,1171.84,4020981.0,5306948.0,5468883.0
False,True,False,False,False,1024,500,500,37500,37500,read,2343.61,89036.0,106846.0,116836.0
False,True,False,False,False,1024,500,500,37500,37500,write,2343.67,4467830.0,5341465.0,5499889.0
False,True,False,False,False,1024,500,500,18750,56250,read,1171.78,89737.0,118442.0,129463.0
False,True,False,False,False,1024,500,500,18750,56250,write,3515.52,4564666.0,5450179.0,5624210.0
False,True,False,False,False,1024,500,500,150000,0,read,9999.77,58209.0,62935.0,65591.0
False,True,False,False,False,1024,500,500,150000,0,write,0.0,0.0,0.0,0.0
False,True,False,False,False,1024,500,500,112500,37500,read,7030.98,62773.0,90771.0,102023.0
False,True,False,False,False,1024,500,500,112500,37500,write,2343.68,4467392.0,5365304.0,5520983.0
False,True,False,False,False,1024,500,500,75000,75000,read,4687.33,69449.0,116902.0,136846.0
False,True,False,False,False,1024,500,500,75000,75000,write,4687.33,4674520.0,5583771.0,5762564.0
False,True,False,False,False,1024,500,500,37500,112500,read,2343.67,91912.0,116602.0,169938.0
False,True,False,False,False,1024,500,500,37500,112500,write,7031.01,4893618.0,5829284.0,6030863.0
False,True,False,False,False,1024,500,500,225000,0,read,14999.8,60438.0,68162.0,70013.0
False,True,False,False,False,1024,500,500,225000,0,write,0.0,0.0,0.0,0.0
False,True,False,False,False,1024,500,500,168750,56250,read,10546.6,67865.0,115199.0,132114.0
False,True,False,False,False,1024,500,500,168750,56250,write,3515.56,4581739.0,5491344.0,5652610.0
False,True,False,False,False,1024,500,500,112500,112500,read,7030.7,93089.0,136163.0,203981.0
False,True,False,False,False,1024,500,500,112500,112500,write,7030.76,4955517.0,5879484.0,6069754.0
False,True,False,False,False,1024,500,500,56250,168750,read,3515.42,90404.0,179647.0,291177.0
False,True,False,False,False,1024,500,500,56250,168750,write,10546.5,5290301.0,6282511.0,6511121.0
False,True,False,False,False,1024,500,500,300000,0,read,19999.6,68079.0,102817.0,110292.0
False,True,False,False,False,1024,500,500,300000,0,write,0.0,0.0,0.0,0.0
False,True,False,False,False,1024,500,500,225000,75000,read,14062.1,101440.0,147814.0,173206.0
False,True,False,False,False,1024,500,500,225000,75000,write,4687.34,4702219.0,5604738.0,5793523.0
False,True,False,False,False,1024,500,500,150000,150000,read,9374.49,94912.0,199236.0,303881.0
False,True,False,False,False,1024,500,500,150000,150000,write,9374.55,5190586.0,6123694.0,6333330.0
False,True,False,False,False,1024,500,500,75000,225000,read,4687.29,92934.0,355582.0,537135.0
False,True,False,False,False,1024,500,500,75000,225000,write,14062.0,5714322.0,6708750.0,7024243.0
False,True,False,False,False,1024,500,500,375000,0,read,24999.4,70175.0,112637.0,124329.0
False,True,False,False,False,1024,500,500,375000,0,write,0.0,0.0,0.0,0.0
False,True,False,False,False,1024,500,500,281250,93750,read,17577.6,114554.0,176444.0,225667.0
False,True,False,False,False,1024,500,500,281250,93750,write,5859.17,4833145.0,5733336.0,5923654.0
False,True,False,False,False,1024,500,500,187500,187500,read,11718.3,109315.0,415742.0,590711.0
False,True,False,False,False,1024,500,500,187500,187500,write,11718.3,5530736.0,6481928.0,6746150.0
False,True,False,False,False,1024,500,500,93750,281250,read,5858.95,129602.0,811026.0,1092798.0
False,True,False,False,False,1024,500,500,93750,281250,write,17577.3,6281698.0,7259871.0,7813673.0
False,True,False,False,False,1024,500,500,450000,0,read,29997.8,93332.0,136006.0,145238.0
False,True,False,False,False,1024,500,500,450000,0,write,0.0,0.0,0.0,0.0
False,True,False,False,False,1024,500,500,337500,112500,read,21093.1,124769.0,211297.0,306225.0
False,True,False,False,False,1024,500,500,337500,112500,write,7031.07,4976605.0,5878467.0,6073679.0
False,True,False,False,False,1024,500,500,225000,225000,read,14061.9,128581.0,567740.0,771954.0
False,True,False,False,False,1024,500,500,225000,225000,write,14062.0,5823017.0,6743972.0,7046844.0
False,True,False,False,False,1024,500,500,112500,337500,read,7030.8,343392.0,1644977.0,2044357.0
False,True,False,False,False,1024,500,500,112500,337500,write,21092.6,7087747.0,8287957.0,10679917.0
False,True,False,False,False,1024,500,500,525000,0,read,34999.2,108120.0,136841.0,145801.0
False,True,False,False,False,1024,500,500,525000,0,write,0.0,0.0,0.0,0.0
False,True,False,False,False,1024,500,500,393750,131250,read,24608.6,136509.0,286891.0,417594.0
False,True,False,False,False,1024,500,500,393750,131250,write,8202.9,5135301.0,6064671.0,6272544.0
False,True,False,False,False,1024,500,500,262500,262500,read,16405.7,163519.0,879943.0,1101173.0
False,True,False,False,False,1024,500,500,262500,262500,write,16405.7,6237475.0,7228367.0,7670875.0
False,True,False,False,False,1024,500,500,131250,393750,read,8202.63,727811.0,2152199.0,2581232.0
False,True,False,False,False,1024,500,500,131250,393750,write,24607.8,7959119.0,10093047.0,13398616.0
False,True,False,False,False,1024,500,500,600000,0,read,39998.8,118991.0,154421.0,160829.0
False,True,False,False,False,1024,500,500,600000,0,write,0.0,0.0,0.0,0.0
False,True,False,False,False,1024,500,500,450000,150000,read,28124.1,153265.0,387004.0,534639.0
False,True,False,False,False,1024,500,500,450000,150000,write,9374.63,5292977.0,6188607.0,6396137.0
False,True,False,False,False,1024,500,500,300000,300000,read,18749.0,238161.0,1132583.0,1353228.0
False,True,False,False,False,1024,500,500,300000,300000,write,18749.0,6706607.0,7767903.0,8720867.0
False,True,False,False,False,1024,500,500,150000,450000,read,9374.2,1839355.0,4724293.0,6092690.0
False,True,False,False,False,1024,500,500,150000,450000,write,28122.9,10323965.0,15009325.0,16732012.0
False,True,False,False,False,1024,500,500,675000,0,read,44999.2,115324.0,149186.0,157391.0
False,True,False,False,False,1024,500,500,675000,0,write,0.0,0.0,0.0,0.0
False,True,False,False,False,1024,500,500,506250,168750,read,31640.0,159830.0,483050.0,641129.0
False,True,False,False,False,1024,500,500,506250,168750,write,10546.6,5483697.0,6415614.0,6642806.0
False,True,False,False,False,1024,500,500,337500,337500,read,21092.5,407089.0,1438359.0,1707591.0
False,True,False,False,False,1024,500,500,337500,337500,write,21092.6,7209288.0,8588331.0,10688234.0
False,True,False,False,False,1024,500,500,168750,506250,read,8331.26,103627267.0,2830379888.0,3507364835.0
False,True,False,False,False,1024,500,500,168750,506250,write,24987.9,116391505.0,2834103284.0,3524111570.0
False,True,False,False,False,1024,500,500,750000,0,read,49998.5,120988.0,157538.0,169471.0
False,True,False,False,False,1024,500,500,750000,0,write,0.0,0.0,0.0,0.0
False,True,False,False,False,1024,500,500,562500,187500,read,35155.6,172165.0,559925.0,710723.0
False,True,False,False,False,1024,500,500,562500,187500,write,11718.3,5614549.0,6540095.0,6787981.0
False,True,False,False,False,1024,500,500,375000,375000,read,23435.7,829631.0,2185713.0,2702534.0
False,True,False,False,False,1024,500,500,375000,375000,write,23435.7,8211706.0,10759790.0,13597770.0
False,True,False,False,False,1024,500,500,187500,562500,read,5989.92,1855357400.0,6758255159.0,7577748383.0
False,True,False,False,False,1024,500,500,187500,562500,write,17962.6,1870608231.0,6777799438.0,7584110045.0
False,True,False,False,False,1024,500,500,825000,0,read,55000.4,113926.0,151943.0,159216.0
False,True,False,False,False,1024,500,500,825000,0,write,0.0,0.0,0.0,0.0
False,True,False,False,False,1024,500,500,618750,206250,read,38670.8,189234.0,659738.0,812736.0
False,True,False,False,False,1024,500,500,618750,206250,write,12890.2,5834178.0,6779525.0,7050769.0
False,True,False,False,False,1024,500,500,412500,412500,read,25779.8,1077469.0,2761948.0,3879094.0
False,True,False,False,False,1024,500,500,412500,412500,write,25779.9,8934125.0,12666552.0,15171058.0
False,True,False,False,False,1024,500,500,206250,618750,read,5948.31,1954146800.0,7272318315.0,8075673685.0
False,True,False,False,False,1024,500,500,206250,618750,write,17832.6,1983385125.0,7271925617.0,8115106924.0
False,True,False,False,False,1024,500,500,900000,0,read,60000.7,125747.0,164057.0,180895.0
False,True,False,False,False,1024,500,500,900000,0,write,0.0,0.0,0.0,0.0
False,True,False,False,False,1024,500,500,675000,225000,read,42185.8,215190.0,758332.0,926215.0
False,True,False,False,False,1024,500,500,675000,225000,write,14062.0,5973537.0,6943210.0,7275877.0
False,True,False,False,False,1024,500,500,450000,450000,read,28121.5,3327284.0,8123629.0,9397783.0
False,True,False,False,False,1024,500,500,450000,450000,write,28121.6,13587914.0,18670402.0,20165443.0
False,True,False,False,False,1024,500,500,225000,675000,read,5439.26,2712257966.0,7776060980.0,8999035305.0
False,True,False,False,False,1024,500,500,225000,675000,write,16292.5,2713320928.0,7763330902.0,8996828461.0
False,True,False,False,False,1024,500,500,975000,0,read,65000.8,129077.0,170680.0,180135.0
False,True,False,False,False,1024,500,500,975000,0,write,0.0,0.0,0.0,0.0
False,True,False,False,False,1024,500,500,731250,243750,read,45702.5,259023.0,861510.0,1044887.0
False,True,False,False,False,1024,500,500,731250,243750,write,15233.7,6178929.0,7243491.0,7666900.0
False,True,False,False,False,1024,500,500,487500,487500,read,18545.7,1238633862.0,5199266550.0,6049871530.0
False,True,False,False,False,1024,500,500,487500,487500,write,18516.9,1242569239.0,5194966836.0,6048788218.0
False,True,False,False,False,1024,500,500,243750,731250,read,5869.03,3006347686.0,8341929907.0,9317467994.0
False,True,False,False,False,1024,500,500,243750,731250,write,17576.7,3004374528.0,8341229014.0,9292439151.0
False,True,False,False,False,1024,500,500,1050000,0,read,70001.7,126595.0,169890.0,180623.0
False,True,False,False,False,1024,500,500,1050000,0,write,0.0,0.0,0.0,0.0
False,True,False,False,False,1024,500,500,787500,262500,read,49217.8,339930.0,1029714.0,1230532.0
False,True,False,False,False,1024,500,500,787500,262500,write,16405.6,6438729.0,7591531.0,8112984.0
False,True,False,False,False,1024,500,500,525000,525000,read,17077.8,2112777578.0,6828967152.0,8243780587.0
False,True,False,False,False,1024,500,500,525000,525000,write,17049.1,2126715377.0,6817744756.0,8254982095.0
False,True,False,False,False,1024,500,500,262500,787500,read,5444.7,3256529142.0,9287846856.0,10238298669.0
False,True,False,False,False,1024,500,500,262500,787500,write,16332.8,3298643496.0,9296323434.0,10259945393.0
False,True,False,False,False,1024,500,500,1125000,0,read,74999.4,132690.0,177958.0,188274.0
False,True,False,False,False,1024,500,500,1125000,0,write,0.0,0.0,0.0,0.0
False,True,False,False,False,1024,500,500,843750,281250,read,52733.8,484267.0,1361410.0,1580702.0
False,True,False,False,False,1024,500,500,843750,281250,write,17577.3,6967287.0,8289462.0,9035745.0
False,True,False,False,False,1024,500,500,562500,562500,read,15579.4,2436967293.0,7610470041.0,8601421782.0
False,True,False,False,False,1024,500,500,562500,562500,write,15555.0,2448139844.0,7601343115.0,8610547380.0
False,True,False,False,False,1024,500,500,281250,843750,read,5414.21,3592160432.0,9492839695.0,10531196553.0
False,True,False,False,False,1024,500,500,281250,843750,write,16207.8,3601946212.0,9456138577.0,10510139775.0
False,True,False,False,False,1024,500,500,1200000,0,read,79998.0,134673.0,186309.0,198984.0
False,True,False,False,False,1024,500,500,1200000,0,write,0.0,0.0,0.0,0.0
False,True,False,False,False,1024,500,500,900000,300000,read,56248.3,651366.0,1577706.0,1815263.0
False,True,False,False,False,1024,500,500,900000,300000,write,18748.7,7384172.0,8818519.0,9886262.0
False,True,False,False,False,1024,500,500,600000,600000,read,15698.1,2690382550.0,8071847383.0,9763305484.0
False,True,False,False,False,1024,500,500,600000,600000,write,15671.5,2700088096.0,8086897391.0,8982605215.0
False,True,False,False,False,1024,500,500,300000,900000,read,5403.45,3596447444.0,9901404930.0,11730670048.0
False,True,False,False,False,1024,500,500,300000,900000,write,16191.7,3585583807.0,9963529266.0,11734519115.0
False,False,True,True,True,1024,500,500,75000,0,read,4999.89,61373.0,66288.0,68244.0
False,False,True,True,True,1024,500,500,75000,0,write,0.0,0.0,0.0,0.0
False,False,True,True,True,1024,500,500,56250,18750,read,3515.52,68261.0,114159.0,116856.0
False,False,True,True,True,1024,500,500,56250,18750,write,1171.84,4059308.0,5320163.0,5483712.0
False,False,True,True,True,1024,500,500,37500,37500,read,2343.61,88971.0,109060.0,124596.0
False,False,True,True,True,1024,500,500,37500,37500,write,2343.68,4461022.0,5335903.0,5489592.0
False,False,True,True,True,1024,500,500,18750,56250,read,1171.84,90529.0,107057.0,125939.0
False,False,True,True,True,1024,500,500,18750,56250,write,3515.52,4543608.0,5437443.0,5601662.0
False,False,True,True,True,1024,500,500,18750,56250,read,1171.77,87878.0,106949.0,124368.0
False,False,True,True,True,1024,500,500,18750,56250,write,3515.51,4543809.0,5430539.0,5601084.0
False,False,True,True,True,1024,500,500,150000,0,read,9999.69,58407.0,62508.0,64361.0
False,False,True,True,True,1024,500,500,150000,0,write,0.0,0.0,0.0,0.0
False,False,True,True,True,1024,500,500,150000,0,read,9999.8,60759.0,65037.0,66836.0
False,False,True,True,True,1024,500,500,150000,0,write,0.0,0.0,0.0,0.0
False,False,True,True,True,1024,500,500,112500,37500,read,7031.05,64574.0,101341.0,109007.0
False,False,True,True,True,1024,500,500,112500,37500,write,2343.68,4456023.0,5307940.0,5461599.0
False,False,True,True,True,1024,500,500,112500,37500,read,7031.0,62956.0,78168.0,100282.0
False,False,True,True,True,1024,500,500,112500,37500,write,2343.69,4429539.0,5336610.0,5494042.0
False,False,True,True,True,1024,500,500,75000,75000,read,4687.28,92324.0,114761.0,143363.0
False,False,True,True,True,1024,500,500,75000,75000,write,4687.34,4671996.0,5572157.0,5750414.0
False,False,True,True,True,1024,500,500,75000,75000,read,4687.29,86727.0,108301.0,133840.0
False,False,True,True,True,1024,500,500,75000,75000,write,4687.35,4665006.0,5569677.0,5753644.0
False,False,True,True,True,1024,500,500,37500,112500,read,2343.68,71208.0,123252.0,168974.0
False,False,True,True,True,1024,500,500,37500,112500,write,7031.03,4900258.0,5845812.0,6048971.0
False,False,True,True,True,1024,500,500,37500,112500,read,2343.68,77575.0,122823.0,168860.0
False,False,True,True,True,1024,500,500,37500,112500,write,7031.03,4891091.0,5832836.0,6024952.0
False,False,True,True,True,1024,500,500,225000,0,read,14999.8,59384.0,68244.0,73459.0
False,False,True,True,True,1024,500,500,225000,0,write,0.0,0.0,0.0,0.0
False,False,True,True,True,1024,500,500,225000,0,read,14999.8,58848.0,66082.0,69132.0
False,False,True,True,True,1024,500,500,225000,0,write,0.0,0.0,0.0,0.0
False,False,True,True,True,1024,500,500,168750,56250,read,10546.7,96833.0,136448.0,157208.0
False,False,True,True,True,1024,500,500,168750,56250,write,3515.57,4579887.0,5472332.0,5641410.0
False,False,True,True,True,1024,500,500,168750,56250,read,10546.7,70520.0,120183.0,137331.0
False,False,True,True,True,1024,500,500,168750,56250,write,3515.58,4601240.0,5504433.0,5668969.0
False,False,True,True,True,1024,500,500,112500,112500,read,7030.97,91827.0,132847.0,185682.0
False,False,True,True,True,1024,500,500,112500,112500,write,7031.03,4925657.0,5834549.0,6038022.0
False,False,True,True,True,1024,500,500,112500,112500,read,7030.93,81013.0,144816.0,207059.0
False,False,True,True,True,1024,500,500,112500,112500,write,7030.99,4941619.0,5871677.0,6059751.0
False,False,True,True,True,1024,500,500,56250,168750,read,3515.48,91865.0,185804.0,297777.0
False,False,True,True,True,1024,500,500,56250,168750,write,10546.6,5290582.0,6285572.0,6515065.0
False,False,True,True,True,1024,500,500,56250,168750,read,3515.48,82596.0,182282.0,292899.0
False,False,True,True,True,1024,500,500,56250,168750,write,10546.6,5278483.0,6275959.0,6509050.0
False,False,True,True,True,1024,500,500,300000,0,read,19999.5,70274.0,108947.0,113897.0
False,False,True,True,True,1024,500,500,300000,0,write,0.0,0.0,0.0,0.0
False,False,True,True,True,1024,500,500,300000,0,read,19999.5,75101.0,112562.0,123519.0
False,False,True,True,True,1024,500,500,300000,0,write,0.0,0.0,0.0,0.0
False,False,True,True,True,1024,500,500,225000,75000,read,14062.2,93549.0,144412.0,169788.0
False,False,True,True,True,1024,500,500,225000,75000,write,4687.36,4712040.0,5624881.0,5811866.0
False,False,True,True,True,1024,500,500,225000,75000,read,14062.1,98628.0,137404.0,172109.0
False,False,True,True,True,1024,500,500,225000,75000,write,4687.36,4698618.0,5596147.0,5784883.0
False,False,True,True,True,1024,500,500,150000,150000,read,9374.59,100187.0,220687.0,328066.0
False,False,True,True,True,1024,500,500,150000,150000,write,9374.65,5187915.0,6152432.0,6360911.0
False,False,True,True,True,1024,500,500,150000,150000,read,9374.64,93631.0,216892.0,326576.0
False,False,True,True,True,1024,500,500,150000,150000,write,9374.64,5204122.0,6151377.0,6374629.0
False,False,True,True,True,1024,500,500,75000,225000,read,4687.23,113183.0,429005.0,635577.0
False,False,True,True,True,1024,500,500,75000,225000,write,14062.0,5775731.0,6814039.0,7137346.0
False,False,True,True,True,1024,500,500,75000,225000,read,4687.29,110888.0,428215.0,636247.0
False,False,True,True,True,1024,500,500,75000,225000,write,14062.0,5776830.0,6813325.0,7145339.0
False,False,True,True,True,1024,500,500,375000,0,read,24999.4,103699.0,135424.0,143756.0
False,False,True,True,True,1024,500,500,375000,0,write,0.0,0.0,0.0,0.0
False,False,True,True,True,1024,500,500,375000,0,read,24998.9,98549.0,128006.0,138311.0
False,False,True,True,True,1024,500,500,375000,0,write,0.0,0.0,0.0,0.0
False,False,True,True,True,1024,500,500,281250,93750,read,17577.7,114878.0,183296.0,251688.0
False,False,True,True,True,1024,500,500,281250,93750,write,5859.18,4855073.0,5760347.0,5950574.0
False,False,True,True,True,1024,500,500,281250,93750,read,17577.6,115575.0,178710.0,237157.0
False,False,True,True,True,1024,500,500,281250,93750,write,5859.17,4855095.0,5764609.0,5956738.0
False,False,True,True,True,1024,500,500,187500,187500,read,11718.2,110329.0,405246.0,580334.0
False,False,True,True,True,1024,500,500,187500,187500,write,11718.3,5522264.0,6450141.0,6689457.0
False,False,True,True,True,1024,500,500,187500,187500,read,11718.2,109619.0,453714.0,647474.0
False,False,True,True,True,1024,500,500,187500,187500,write,11718.3,5570562.0,6533655.0,6793573.0
False,False,True,True,True,1024,500,500,93750,281250,read,5859.0,137466.0,981349.0,1302280.0
False,False,True,True,True,1024,500,500,93750,281250,write,17577.3,6444143.0,7502482.0,8117715.0
False,False,True,True,True,1024,500,500,93750,281250,read,5859.01,136536.0,1049143.0,1379754.0
False,False,True,True,True,1024,500,500,93750,281250,write,17577.3,6481365.0,7552031.0,8231449.0
False,False,True,True,True,1024,500,500,450000,0,read,29999.7,96981.0,131705.0,141635.0
False,False,True,True,True,1024,500,500,450000,0,write,0.0,0.0,0.0,0.0
False,False,True,True,True,1024,500,500,450000,0,read,29999.4,96475.0,136258.0,145021.0
False,False,True,True,True,1024,500,500,450000,0,write,0.0,0.0,0.0,0.0
False,False,True,True,True,1024,500,500,337500,112500,read,21093.2,122160.0,243206.0,359746.0
False,False,True,True,True,1024,500,500,337500,112500,write,7031.07,5037583.0,5970908.0,6166640.0
False,False,True,True,True,1024,500,500,337500,112500,read,21093.2,124217.0,249637.0,368062.0
False,False,True,True,True,1024,500,500,337500,112500,write,7031.08,5039290.0,5965275.0,6157768.0
False,False,True,True,True,1024,500,500,225000,225000,read,14062.0,140617.0,741651.0,988599.0
False,False,True,True,True,1024,500,500,225000,225000,write,14062.0,5919187.0,6851543.0,7183264.0
False,False,True,True,True,1024,500,500,225000,225000,read,14061.9,151739.0,720378.0,961578.0
False,False,True,True,True,1024,500,500,225000,225000,write,14062.0,5896564.0,6844245.0,7170905.0
False,False,True,True,True,1024,500,500,112500,337500,read,7030.88,373881.0,1738814.0,2173916.0
False,False,True,True,True,1024,500,500,112500,337500,write,21092.8,7144114.0,8453559.0,10331437.0
False,False,True,True,True,1024,500,500,112500,337500,read,7030.89,419253.0,1859810.0,2312384.0
False,False,True,True,True,1024,500,500,112500,337500,write,21092.7,7216580.0,8583964.0,10831032.0
False,False,True,True,True,1024,500,500,525000,0,read,34999.1,110384.0,142248.0,152622.0
False,False,True,True,True,1024,500,500,525000,0,write,0.0,0.0,0.0,0.0
False,False,True,True,True,1024,500,500,525000,0,read,34999.6,110630.0,143752.0,153855.0
False,False,True,True,True,1024,500,500,525000,0,write,0.0,0.0,0.0,0.0
False,False,True,True,True,1024,500,500,393750,131250,read,24608.7,138049.0,313224.0,441565.0
False,False,True,True,True,1024,500,500,393750,131250,write,8202.93,5165187.0,6062135.0,6263128.0
False,False,True,True,True,1024,500,500,393750,131250,read,24608.7,132285.0,297812.0,429994.0
False,False,True,True,True,1024,500,500,393750,131250,write,8202.91,5147773.0,6065148.0,6268367.0
False,False,True,True,True,1024,500,500,262500,262500,read,16405.7,219108.0,1162742.0,1424957.0
False,False,True,True,True,1024,500,500,262500,262500,write,16405.7,6336891.0,7327230.0,7905890.0
False,False,True,True,True,1024,500,500,262500,262500,read,16405.6,199472.0,1081994.0,1346990.0
False,False,True,True,True,1024,500,500,262500,262500,write,16405.7,6302908.0,7260060.0,7819253.0
False,False,True,True,True,1024,500,500,131250,393750,read,8202.52,1414655.0,3163274.0,4132946.0
False,False,True,True,True,1024,500,500,131250,393750,write,24607.7,8393989.0,11517024.0,13877278.0
False,False,True,True,True,1024,500,500,131250,393750,read,8202.67,1052438.0,2631747.0,3317272.0
False,False,True,True,True,1024,500,500,131250,393750,write,24607.9,8044326.0,10604640.0,13210978.0
False,False,True,True,True,1024,500,500,600000,0,read,39999.1,115257.0,154935.0,161651.0
False,False,True,True,True,1024,500,500,600000,0,write,0.0,0.0,0.0,0.0
False,False,True,True,True,1024,500,500,600000,0,read,39999.0,115399.0,152403.0,159360.0
False,False,True,True,True,1024,500,500,600000,0,write,0.0,0.0,0.0,0.0
False,False,True,True,True,1024,500,500,450000,150000,read,28124.1,159492.0,449290.0,620343.0
False,False,True,True,True,1024,500,500,450000,150000,write,9374.65,5333064.0,6249240.0,6459619.0
False,False,True,True,True,1024,500,500,450000,150000,read,28124.1,156068.0,418612.0,570170.0
False,False,True,True,True,1024,500,500,450000,150000,write,9374.65,5304410.0,6211864.0,6420220.0
False,False,True,True,True,1024,500,500,300000,300000,read,18749.0,609345.0,1669510.0,2063358.0
False,False,True,True,True,1024,500,500,300000,300000,write,18749.0,6889195.0,8158614.0,9826511.0
False,False,True,True,True,1024,500,500,300000,300000,read,18748.9,670282.0,1774924.0,2336630.0
False,False,True,True,True,1024,500,500,300000,300000,write,18748.9,6918065.0,8294534.0,10399935.0
False,False,True,True,True,1024,500,500,150000,450000,read,4069.03,1890554017.0,7631524501.0,8626769558.0
False,False,True,True,True,1024,500,500,150000,450000,write,12203.2,1896905628.0,7638019250.0,8625355792.0
False,False,True,True,True,1024,500,500,150000,450000,read,4265.84,1352206778.0,7132988690.0,8202805821.0
False,False,True,True,True,1024,500,500,150000,450000,write,12796.8,1363007857.0,7133724384.0,8206006751.0
False,False,True,True,True,1024,500,500,675000,0,read,44999.5,120650.0,156480.0,163345.0
False,False,True,True,True,1024,500,500,675000,0,write,0.0,0.0,0.0,0.0
False,False,True,True,True,1024,500,500,675000,0,read,44999.2,120548.0,156566.0,165139.0
False,False,True,True,True,1024,500,500,675000,0,write,0.0,0.0,0.0,0.0
False,False,True,True,True,1024,500,500,506250,168750,read,31640.1,164426.0,551544.0,725602.0
False,False,True,True,True,1024,500,500,506250,168750,write,10546.6,5472931.0,6379795.0,6602752.0
False,False,True,True,True,1024,500,500,506250,168750,read,31640.0,165762.0,558028.0,731250.0
False,False,True,True,True,1024,500,500,506250,168750,write,10546.6,5490158.0,6392271.0,6619555.0
False,False,True,True,True,1024,500,500,337500,337500,read,9858.9,1612902507.0,7171918728.0,8099685674.0
False,False,True,True,True,1024,500,500,337500,337500,write,9854.04,1620326270.0,7171072189.0,8108918124.0
False,False,True,True,True,1024,500,500,337500,337500,read,9920.04,1533881707.0,7172233923.0,8100225402.0
False,False,True,True,True,1024,500,500,337500,337500,write,9905.46,1542143185.0,7156355965.0,8084074628.0
False,False,True,True,True,1024,500,500,168750,506250,read,3490.19,3086983892.0,9356354218.0,10273353832.0
False,False,True,True,True,1024,500,500,168750,506250,write,10467.0,3088963968.0,9364321697.0,10270086515.0
False,False,True,True,True,1024,500,500,168750,506250,read,3470.23,3152225481.0,9306277625.0,10182122722.0
False,False,True,True,True,1024,500,500,168750,506250,write,10380.2,3174099501.0,9271123590.0,10159778378.0
False,False,True,True,True,1024,500,500,750000,0,read,49998.7,120757.0,159486.0,166372.0
False,False,True,True,True,1024,500,500,750000,0,write,0.0,0.0,0.0,0.0
False,False,True,True,True,1024,500,500,750000,0,read,49998.6,127687.0,166642.0,174567.0
False,False,True,True,True,1024,500,500,750000,0,write,0.0,0.0,0.0,0.0
False,False,True,True,True,1024,500,500,562500,187500,read,35155.5,190937.0,764700.0,954198.0
False,False,True,True,True,1024,500,500,562500,187500,write,11718.2,5692279.0,6636863.0,6887010.0
False,False,True,True,True,1024,500,500,562500,187500,read,35155.5,191488.0,779396.0,968619.0
False,False,True,True,True,1024,500,500,562500,187500,write,11718.2,5725340.0,6684270.0,6934219.0
False,False,True,True,True,1024,500,500,375000,375000,read,9129.88,2568886860.0,8394305186.0,9352392983.0
False,False,True,True,True,1024,500,500,375000,375000,write,9124.59,2578412283.0,8402067406.0,9327590605.0
False,False,True,True,True,1024,500,500,375000,375000,read,9039.15,2421014121.0,8353166975.0,9385054811.0
False,False,True,True,True,1024,500,500,375000,375000,write,9027.37,2430807249.0,8340694816.0,9377205874.0
False,False,True,True,True,1024,500,500,187500,562500,read,3206.08,3638767965.0,10060027394.0,11925632950.0
False,False,True,True,True,1024,500,500,187500,562500,write,9615.07,3648114223.0,10057817306.0,11926060165.0
False,False,True,True,True,1024,500,500,187500,562500,read,3233.47,3434076230.0,9888917078.0,10913597310.0
False,False,True,True,True,1024,500,500,187500,562500,write,9698.16,3446964486.0,9888814553.0,10910110250.0
False,False,True,True,True,1024,500,500,825000,0,read,55001.2,124155.0,162186.0,167756.0
False,False,True,True,True,1024,500,500,825000,0,write,0.0,0.0,0.0,0.0
False,False,True,True,True,1024,500,500,825000,0,read,55001.0,119261.0,161130.0,167546.0
False,False,True,True,True,1024,500,500,825000,0,write,0.0,0.0,0.0,0.0
False,False,True,True,True,1024,500,500,618750,206250,read,38670.8,227703.0,867134.0,1066232.0
False,False,True,True,True,1024,500,500,618750,206250,write,12890.1,5850116.0,6799680.0,7077943.0
False,False,True,True,True,1024,500,500,618750,206250,read,38670.8,220167.0,846759.0,1048746.0
False,False,True,True,True,1024,500,500,618750,206250,write,12890.1,5831671.0,6775707.0,7048117.0
False,False,True,True,True,1024,500,500,412500,412500,read,8826.15,3037368413.0,8983314066.0,10001668422.0
False,False,True,True,True,1024,500,500,412500,412500,write,8822.72,3044339181.0,8993187204.0,9999612852.0
False,False,True,True,True,1024,500,500,412500,412500,read,8989.97,2854764301.0,8893718379.0,9904737001.0
False,False,True,True,True,1024,500,500,412500,412500,write,8979.62,2851204873.0,8878132133.0,9880384920.0
False,False,True,True,True,1024,500,500,206250,618750,read,3159.73,3603076160.0,10369043571.0,11386827500.0
False,False,True,True,True,1024,500,500,206250,618750,write,9476.26,3606686588.0,10379683790.0,11416954936.0
False,False,True,True,True,1024,500,500,206250,618750,read,3203.23,3448410463.0,10136568698.0,11211004885.0
False,False,True,True,True,1024,500,500,206250,618750,write,9609.81,3460735138.0,10139304243.0,11217396746.0
False,False,True,True,True,1024,500,500,900000,0,read,60000.9,123929.0,164938.0,175600.0
False,False,True,True,True,1024,500,500,900000,0,write,0.0,0.0,0.0,0.0
False,False,True,True,True,1024,500,500,900000,0,read,60000.7,122031.0,162399.0,173893.0
False,False,True,True,True,1024,500,500,900000,0,write,0.0,0.0,0.0,0.0
False,False,True,True,True,1024,500,500,675000,225000,read,42185.7,330549.0,1036619.0,1267110.0
False,False,True,True,True,1024,500,500,675000,225000,write,14062.0,6060032.0,7073409.0,7456217.0
False,False,True,True,True,1024,500,500,675000,225000,read,42185.8,303775.0,1019480.0,1237326.0
False,False,True,True,True,1024,500,500,675000,225000,write,14062.0,6083645.0,7112733.0,7464422.0
False,False,True,True,True,1024,500,500,450000,450000,read,8488.5,3492415613.0,9611712794.0,10551445370.0
False,False,True,True,True,1024,500,500,450000,450000,write,8485.32,3515013786.0,9619973822.0,10545836082.0
False,False,True,True,True,1024,500,500,450000,450000,read,8935.39,3368925577.0,9421539170.0,10372365740.0
False,False,True,True,True,1024,500,500,450000,450000,write,8929.28,3376503290.0,9412116397.0,10363958560.0
False,False,True,True,True,1024,500,500,225000,675000,read,3411.39,4068010435.0,10452452000.0,11441620493.0
False,False,True,True,True,1024,500,500,225000,675000,write,10228.0,4077259580.0,10459822226.0,11461631438.0
False,False,True,True,True,1024,500,500,225000,675000,read,3466.66,4076846571.0,10400046318.0,11441439993.0
False,False,True,True,True,1024,500,500,225000,675000,write,10383.5,4066310252.0,10421744395.0,11427093038.0
False,False,True,True,True,1024,500,500,975000,0,read,65000.9,123999.0,167323.0,180208.0
False,False,True,True,True,1024,500,500,975000,0,write,0.0,0.0,0.0,0.0
False,False,True,True,True,1024,500,500,975000,0,read,64999.7,119438.0,166161.0,174348.0
False,False,True,True,True,1024,500,500,975000,0,write,0.0,0.0,0.0,0.0
False,False,True,True,True,1024,500,500,731250,243750,read,45702.8,714874.0,1628193.0,2029393.0
False,False,True,True,True,1024,500,500,731250,243750,write,15233.8,6549829.0,7759818.0,8580341.0
False,False,True,True,True,1024,500,500,731250,243750,read,45702.4,559999.0,1371171.0,1663561.0
False,False,True,True,True,1024,500,500,731250,243750,write,15233.7,6454839.0,7591256.0,8162658.0
False,False,True,True,True,1024,500,500,487500,487500,read,8356.01,3746852321.0,10053964399.0,11046904603.0
False,False,True,True,True,1024,500,500,487500,487500,write,8353.15,3746090443.0,10067292068.0,11055619288.0
False,False,True,True,True,1024,500,500,487500,487500,read,8371.88,3697090686.0,9970235066.0,11029305995.0
False,False,True,True,True,1024,500,500,487500,487500,write,8362.72,3690737486.0,9994090511.0,11030401807.0
False,False,True,True,True,1024,500,500,243750,731250,read,3058.79,4066121269.0,10834494202.0,11862495033.0
False,False,True,True,True,1024,500,500,243750,731250,write,9176.24,4074392982.0,10835535470.0,11873869450.0
False,False,True,True,True,1024,500,500,243750,731250,read,3138.41,3977037068.0,10743614214.0,11822917602.0
False,False,True,True,True,1024,500,500,243750,731250,write,9412.66,4003473658.0,10744432074.0,11846959982.0
False,False,True,True,True,1024,500,500,1050000,0,read,70001.2,126221.0,171997.0,182870.0
False,False,True,True,True,1024,500,500,1050000,0,write,0.0,0.0,0.0,0.0
False,False,True,True,True,1024,500,500,1050000,0,read,70001.6,127495.0,176434.0,189998.0
False,False,True,True,True,1024,500,500,1050000,0,write,0.0,0.0,0.0,0.0
False,False,True,True,True,1024,500,500,787500,262500,read,40765.0,38090671.0,2177702632.0,2880685100.0
False,False,True,True,True,1024,500,500,787500,262500,write,13588.1,44204511.0,2187497317.0,2889382693.0
False,False,True,True,True,1024,500,500,787500,262500,read,46587.2,4693188.0,794396297.0,1305838747.0
False,False,True,True,True,1024,500,500,787500,262500,write,15522.3,11415084.0,802852716.0,1304695893.0
False,False,True,True,True,1024,500,500,525000,525000,read,8401.38,3757808740.0,10166271032.0,11213607120.0
False,False,True,True,True,1024,500,500,525000,525000,write,8400.75,3771422045.0,10244268850.0,11225229551.0
False,False,True,True,True,1024,500,500,525000,525000,read,8460.16,3564788315.0,10007468292.0,11138232803.0
False,False,True,True,True,1024,500,500,525000,525000,write,8458.85,3573826490.0,10031941992.0,11159460787.0
False,False,True,True,True,1024,500,500,262500,787500,read,3195.34,3822073565.0,10630637495.0,11803142368.0
False,False,True,True,True,1024,500,500,262500,787500,write,9585.1,3834509828.0,10644150498.0,11802443630.0
False,False,True,True,True,1024,500,500,262500,787500,read,3237.39,3851025489.0,10688887675.0,11843204629.0
False,False,True,True,True,1024,500,500,262500,787500,write,9710.0,3868376676.0,10717035791.0,11846627678.0
False,False,True,True,True,1024,500,500,1125000,0,read,74999.1,129968.0,178767.0,189707.0
False,False,True,True,True,1024,500,500,1125000,0,write,0.0,0.0,0.0,0.0
False,False,True,True,True,1024,500,500,1125000,0,read,74999.6,130140.0,176683.0,187701.0
False,False,True,True,True,1024,500,500,1125000,0,write,0.0,0.0,0.0,0.0
False,False,True,True,True,1024,500,500,843750,281250,read,27944.6,1810258955.0,6624902800.0,7372393622.0
False,False,True,True,True,1024,500,500,843750,281250,write,9304.18,1816989858.0,6620472166.0,7367559980.0
False,False,True,True,True,1024,500,500,843750,281250,read,29381.4,1369999911.0,6106901059.0,6923799469.0
False,False,True,True,True,1024,500,500,843750,281250,write,9785.59,1376072574.0,6102795144.0,6922126011.0
False,False,True,True,True,1024,500,500,562500,562500,read,8598.95,4117464809.0,10415038262.0,11440171359.0
False,False,True,True,True,1024,500,500,562500,562500,write,8592.22,4122426633.0,10404542082.0,11425761172.0
False,False,True,True,True,1024,500,500,562500,562500,read,8635.42,4010695872.0,10317622895.0,11269760589.0
False,False,True,True,True,1024,500,500,562500,562500,write,8634.67,4024556830.0,10326118103.0,11288748059.0
False,False,True,True,True,1024,500,500,281250,843750,read,3384.66,4589138900.0,11338441556.0,13135727139.0
False,False,True,True,True,1024,500,500,281250,843750,write,10134.6,4575899882.0,11312543714.0,12219672200.0
False,False,True,True,True,1024,500,500,281250,843750,read,3370.79,4372975892.0,10999655428.0,12107587433.0
False,False,True,True,True,1024,500,500,281250,843750,write,10108.5,4381811483.0,10992283021.0,12102190848.0
False,False,True,True,True,1024,500,500,1200000,0,read,79997.7,132641.0,182552.0,200989.0
False,False,True,True,True,1024,500,500,1200000,0,write,0.0,0.0,0.0,0.0
False,False,True,True,True,1024,500,500,1200000,0,read,79997.5,145230.0,197889.0,213332.0
False,False,True,True,True,1024,500,500,1200000,0,write,0.0,0.0,0.0,0.0
False,False,True,True,True,1024,500,500,900000,300000,read,27219.0,2140004893.0,7253608603.0,8795029317.0
False,False,True,True,True,1024,500,500,900000,300000,write,9066.85,2141303779.0,7248399773.0,8797969149.0
False,False,True,True,True,1024,500,500,900000,300000,read,26975.8,2154176412.0,7288288349.0,8093738269.0
False,False,True,True,True,1024,500,500,900000,300000,write,8981.11,2162657228.0,7284049807.0,8091369143.0
False,False,True,True,True,1024,500,500,600000,600000,read,8516.62,4297296816.0,10795772061.0,12624076608.0
False,False,True,True,True,1024,500,500,600000,600000,write,8505.71,4294123681.0,10767225599.0,11755334550.0
False,False,True,True,True,1024,500,500,600000,600000,read,8538.3,4450823968.0,10852017705.0,12614410349.0
False,False,True,True,True,1024,500,500,600000,600000,write,8532.57,4450749110.0,10862977286.0,12619688093.0
False,False,True,True,True,1024,500,500,300000,900000,read,3378.29,4487645083.0,11204718242.0,12413533744.0
False,False,True,True,True,1024,500,500,300000,900000,write,10133.8,4510255111.0,11241535187.0,12416848300.0
False,False,True,True,True,1024,500,500,300000,900000,read,3393.74,4544128980.0,11366783681.0,12393224722.0
False,False,True,True,True,1024,500,500,300000,900000,write,10170.1,4563396683.0,11338396896.0,12375313310.0
